id,title,genres,release_date,revenue,budget,country,boxOffice,palme,rank
19995,Avatar,Action|Adventure|Fantasy|Science Fiction,2009,2789968301,237000000,United States of America,,,1
24428,The Avengers,Science Fiction|Action|Adventure,2012,1518812988,220000000,United States of America,,,2
135397,Jurassic World,Action|Adventure|Science Fiction|Thriller,2015,1670400637,150000000,United States of America,,,3
168259,Furious 7,Action,2015,1506249360,190000000,Japan,,,4
99861,Avengers: Age of Ultron,Action|Adventure|Science Fiction,2015,1402805868,280000000,United States of America,,,5
109445,Frozen,Animation|Adventure|Family,2013,1274219009,150000000,United States of America,,,6
68721,Iron Man 3,Action|Adventure|Science Fiction,2013,1215439994,200000000,China,,,7
211672,Minions,Family|Animation|Adventure|Comedy,2015,1159398397,74000000,United States of America,,,8
271110,Captain America: Civil War,Adventure|Action|Science Fiction,2016,1153296293,250000000,United States of America,,,9
38356,Transformers: Dark of the Moon,Action|Science Fiction|Adventure,2011,1123794079,195000000,United States of America,,,10
37724,Skyfall,Action|Adventure|Thriller,2012,1108561013,200000000,United Kingdom,,,11
91314,Transformers: Age of Extinction,Science Fiction|Action|Adventure,2014,1104054072,210000000,United States of America,,,12
49026,The Dark Knight Rises,Action|Crime|Drama|Thriller,2012,1081041287,250000000,United States of America,,,13
10193,Toy Story 3,Animation|Family|Comedy,2010,1066969703,200000000,United States of America,,,14
1865,Pirates of the Caribbean: On Stranger Tides,Adventure|Action|Fantasy,2011,1045713802,380000000,United States of America,,,15
12155,Alice in Wonderland,Family|Fantasy|Adventure,2010,1025467110,200000000,United States of America,,,16
49051,The Hobbit: An Unexpected Journey,Adventure|Fantasy|Action,2012,1017003568,250000000,New Zealand,,,17
155,The Dark Knight,Drama|Action|Crime|Thriller,2008,1004934033,185000000,United Kingdom,,,18
93456,Despicable Me 2,Animation|Comedy|Family,2013,970766005,76000000,United States of America,,,19
278927,The Jungle Book,Family|Adventure|Drama|Fantasy,2016,966550600,175000000,United Kingdom,,,20
57158,The Hobbit: The Desolation of Smaug,Adventure|Fantasy,2013,958366855,250000000,New Zealand,,,21
122917,The Hobbit: The Battle of the Five Armies,Action|Adventure|Fantasy,2014,956019788,250000000,New Zealand,,,22
767,Harry Potter and the Half-Blood Prince,Adventure|Fantasy|Family,2009,934326396,250000000,United Kingdom,,,23
8355,Ice Age: Dawn of the Dinosaurs,Animation|Comedy|Family|Adventure,2009,886686817,90000000,United States of America,,,24
206647,Spectre,Action|Adventure|Crime,2015,880674609,245000000,United Kingdom,,,25
57800,Ice Age: Continental Drift,Animation|Comedy|Adventure|Family,2012,877244782,95000000,United States of America,,,26
328111,The Secret Life of Pets,Animation|Family,2016,875457937,75000000,United States of America,,,27
209112,Batman v Superman: Dawn of Justice,Action|Adventure|Fantasy,2016,873634919,250000000,United States of America,,,28
150540,Inside Out,Drama|Comedy|Animation|Family,2015,857611174,175000000,United States of America,,,29
101299,The Hunger Games: Catching Fire,Adventure|Action|Science Fiction,2013,865011746,130000000,United States of America,,,30
8373,Transformers: Revenge of the Fallen,Science Fiction|Action|Adventure,2009,836303693,150000000,United States of America,,,31
50620,The Twilight Saga: Breaking Dawn - Part 2,Adventure|Fantasy|Drama|Romance,2012,829746820,120000000,United States of America,,,32
27205,Inception,Action|Thriller|Science Fiction|Mystery|Adventure,2010,829895144,160000000,United Kingdom,,,33
217,Indiana Jones and the Kingdom of the Crystal Skull,Adventure|Action,2008,786636033,185000000,United States of America,,,34
293660,Deadpool,Action|Adventure|Comedy,2016,782612155,58000000,United States of America,,,35
118340,Guardians of the Galaxy,Action|Science Fiction|Adventure,2014,772776600,170000000,United Kingdom,,,36
14161,2012,Action|Adventure|Science Fiction,2009,788550900,200000000,Canada,,,37
102651,Maleficent,Fantasy|Adventure|Action|Family|Romance,2014,758410378,180000000,United States of America,,,38
10192,Shrek Forever After,Comedy|Adventure|Fantasy|Animation|Family,2010,752600867,165000000,United States of America,,,39
1930,The Amazing Spider-Man,Action|Adventure|Fantasy,2012,757930663,215000000,United States of America,,,40
131631,The Hunger Games: Mockingjay - Part 1,Science Fiction|Adventure|Thriller,2014,755356711,125000000,United States of America,,,41
127585,X-Men: Days of Future Past,Action|Adventure|Fantasy|Science Fiction,2014,746045700,250000000,United Kingdom,,,42
80321,Madagascar 3: Europe's Most Wanted,Animation|Family,2012,746921274,145000000,United States of America,,,43
297761,Suicide Squad,Action|Adventure|Crime|Fantasy|Science Fiction,2016,746846894,175000000,United States of America,,,44
62211,Monsters University,Animation|Family,2013,743559607,200000000,United States of America,,,45
14160,Up,Animation|Comedy|Family|Adventure,2009,735099082,175000000,United States of America,,,46
49047,Gravity,Science Fiction|Thriller|Drama,2013,723192705,105000000,United Kingdom,,,47
100402,Captain America: The Winter Soldier,Action|Adventure|Science Fiction,2014,714421503,170000000,United States of America,,,48
119450,Dawn of the Planet of the Apes,Science Fiction|Action|Drama|Thriller,2014,710644566,170000000,United States of America,,,49
18239,The Twilight Saga: New Moon,Adventure|Fantasy|Drama|Romance,2009,711020081,50000000,United States of America,,,50
102382,The Amazing Spider-Man 2,Action|Adventure|Fantasy,2014,708982323,200000000,United States of America,,,51
24021,The Twilight Saga: Eclipse,Adventure|Fantasy|Drama|Romance,2010,698491347,68000000,United States of America,,,52
56292,Mission: Impossible - Ghost Protocol,Action|Thriller|Adventure,2011,694713380,145000000,Czech Republic,,,53
70160,The Hunger Games,Science Fiction|Adventure|Fantasy,2012,694394724,75000000,United States of America,,,54
177677,Mission: Impossible - Rogue Nation,Action|Adventure|Thriller,2015,682714267,150000000,China,,,55
157336,Interstellar,Adventure|Drama|Science Fiction,2014,677471339,165000000,Canada,,,56
49444,Kung Fu Panda 2,Animation|Family,2011,665692281,150000000,United States of America,,,57
49521,Man of Steel,Action|Adventure|Fantasy|Science Fiction,2013,668045518,225000000,United Kingdom,,,58
131634,The Hunger Games: Mockingjay - Part 2,Action|Adventure|Science Fiction,2015,653428261,160000000,Germany,,,59
177572,Big Hero 6,Adventure|Family|Animation|Action|Comedy,2014,657827828,165000000,United States of America,,,60
76338,Thor: The Dark World,Action|Adventure|Fantasy,2013,644783140,170000000,United States of America,,,61
9502,Kung Fu Panda,Adventure|Animation|Family|Comedy,2008,631746197,130000000,United States of America,,,62
286217,The Martian,Drama|Adventure|Science Fiction,2015,630161890,108000000,United States of America,,,63
51497,Fast Five,Action|Thriller|Crime,2011,626137675,125000000,United States of America,,,64
8960,Hancock,Fantasy|Action,2008,624386771,150000000,United States of America,,,65
41154,Men in Black 3,Action|Comedy|Science Fiction,2012,624026776,225000000,United States of America,,,66
10138,Iron Man 2,Adventure|Action|Science Fiction,2010,623933331,200000000,United States of America,,,67
11631,Mamma Mia!,Comedy|Romance,2008,609896805,52000000,Germany,,,68
82702,How to Train Your Dragon 2,Fantasy|Action|Adventure|Animation|Comedy|Family,2014,621537519,145000000,United States of America,,,69
87827,Life of Pi,Adventure|Drama|Action,2012,609016565,120000000,United States of America,,,70
10527,Madagascar: Escape 2 Africa,Family|Animation,2008,603900354,150000000,United States of America,,,71
38757,Tangled,Animation|Family,2010,591794936,260000000,United States of America,,,72
10764,Quantum of Solace,Adventure|Action|Thriller|Crime,2008,586090727,200000000,United Kingdom,,,73
49519,The Croods,Adventure|Animation|Comedy|Family|Fantasy,2013,587204668,135000000,United States of America,,,74
1726,Iron Man,Action|Science Fiction|Adventure,2008,585366247,140000000,United States of America,,,75
216015,Fifty Shades of Grey,Drama|Romance|Thriller,2015,569651467,40000000,United States of America,,,76
41513,The Smurfs,Animation|Family|Adventure|Comedy|Fantasy,2011,563749323,110000000,United States of America,,,77
49013,Cars 2,Animation|Family|Adventure|Comedy,2011,559852396,200000000,United States of America,,,78
417859,Puss in Boots,Action|Adventure|Animation|Family|Fantasy,2011,554987477,130000000,United States of America,,,79
72105,Ted,Comedy|Fantasy,2012,549368315,50000000,United States of America,,,80
246655,X-Men: Apocalypse,Science Fiction,2016,543934105,178000000,United States of America,,,81
150689,Cinderella,Romance|Fantasy|Family|Drama,2015,542351353,95000000,United Kingdom,,,82
20352,Despicable Me,Animation|Family,2010,543113985,69000000,United States of America,,,83
190859,American Sniper,War|Action,2014,547426372,58800000,United States of America,,,84
62177,Brave,Animation|Adventure|Comedy|Family|Action|Fantasy,2012,538983207,185000000,United States of America,,,85
281957,The Revenant,Western|Drama|Adventure|Thriller,2015,532950503,135000000,Canada,,,86
72190,World War Z,Action|Drama|Horror|Science Fiction|Thriller,2013,540007876,200000000,United States of America,,,87
10528,Sherlock Holmes,Action|Adventure|Crime|Mystery,2009,524028679,90000000,Germany,,,88
10681,WALL·E,Animation|Family,2008,521311860,180000000,United States of America,,,89
140300,Kung Fu Panda 3,Action|Adventure|Animation|Comedy|Family,2016,521170825,145000000,China,,,90
102899,Ant-Man,Science Fiction|Action|Adventure,2015,519311965,130000000,United States of America,,,91
172385,Rio 2,Animation|Adventure|Comedy|Family,2014,500188435,103000000,United States of America,,,92
10191,How to Train Your Dragon,Fantasy|Adventure|Animation|Family,2010,494878759,165000000,United States of America,,,93
68728,Oz: The Great and Powerful,Fantasy|Adventure|Family,2013,491868548,200000000,United States of America,,,94
46195,Rio,Animation|Adventure|Comedy|Family,2011,484635760,90000000,United States of America,,,95
61791,Rise of the Planet of the Apes,Thriller|Action|Drama|Science Fiction,2011,482860185,93000000,United States of America,,,96
98566,Teenage Mutant Ninja Turtles,Science Fiction|Action|Adventure|Fantasy|Comedy,2014,477200000,125000000,United States of America,,,97
159824,Hotel Transylvania 2,Animation|Comedy|Family,2015,473226958,80000000,United States of America,,,98
82690,Wreck-It Ralph,Family|Animation|Comedy|Adventure,2012,471222889,165000000,United States of America,,,99
254128,San Andreas,Action|Drama|Thriller,2015,470490832,110000000,Canada,,,100
137106,The Lego Movie,Adventure|Animation|Comedy|Family|Fantasy,2014,469160692,60000000,United States of America,,,101
54138,Star Trek Into Darkness,Action|Adventure|Science Fiction,2013,467365246,190000000,United States of America,,,102
18785,The Hangover,Comedy,2009,459270619,35000000,Germany,,,103
10195,Thor,Adventure|Fantasy|Action,2011,449326618,150000000,United States of America,,,104
23398,Alvin and the Chipmunks: The Squeakquel,Comedy|Family|Animation|Fantasy|Music,2009,443140005,75000000,United States of America,,,105
82695,Les Misérables,Drama|Music|Romance,2012,441809770,61000000,United Kingdom,,,106
87101,Terminator Genisys,Science Fiction|Action|Thriller|Adventure,2015,440603537,155000000,United States of America,,,107
68735,Warcraft,Action|Adventure|Fantasy,2016,433677183,160000000,Canada,,,108
68718,Django Unchained,Drama|Western,2012,425368238,100000000,United States of America,,,109
2454,The Chronicles of Narnia: Prince Caspian,Adventure|Family|Fantasy,2008,419651413,225000000,Czech Republic,,,110
10140,The Chronicles of Narnia: The Voyage of the Dawn Treader,Adventure|Family|Fantasy,2010,415686217,155000000,United States of America,,,111
324668,Jason Bourne,Action|Thriller,2016,415484914,120000000,United Kingdom,,,112
76170,The Wolverine,Action|Science Fiction|Adventure|Fantasy,2013,415440673,120000000,United Kingdom,,,113
45269,The King's Speech,Drama|History,2010,414211549,15000000,United Kingdom,1.0,0.0,114
18360,Night at the Museum: Battle of the Smithsonian,Adventure|Fantasy|Action|Comedy|Family,2009,413106170,150000000,United States of America,,,115
68726,Pacific Rim,Action|Science Fiction|Adventure,2013,407602906,180000000,United States of America,,,116
70981,Prometheus,Science Fiction|Adventure|Mystery,2012,403170142,130000000,United Kingdom,,,117
1735,The Mummy: Tomb of the Dragon Emperor,Adventure|Action|Fantasy,2008,401128639,145000000,Germany,,,118
20526,TRON: Legacy,Adventure|Action|Science Fiction,2010,400062763,170000000,United States of America,,,119
58595,Snow White and the Huntsman,Adventure|Fantasy|Drama,2012,396600000,170000000,United States of America,,,120
8966,Twilight,Adventure|Fantasy|Drama|Romance,2008,392616625,37000000,United States of America,,,121
106646,The Wolf of Wall Street,Crime|Drama|Comedy,2013,392000694,100000000,United States of America,,,122
47933,Independence Day: Resurgence,Action|Adventure|Science Fiction,2016,389681935,165000000,United States of America,,,123
13475,Star Trek,Science Fiction|Action|Adventure,2009,385680446,150000000,Germany,,,124
15512,Monsters vs Aliens,Animation|Family|Adventure|Science Fiction,2009,381509870,175000000,United States of America,,,125
76341,Mad Max: Fury Road,Action|Adventure|Science Fiction|Thriller,2015,378858340,150000000,Australia,,,126
12405,Slumdog Millionaire,Drama|Romance,2008,377910544,15000000,India,,,127
82675,Taken 2,Action|Crime|Thriller,2012,376141306,45000000,France,,,128
270946,Penguins of Madagascar,Family|Animation|Adventure|Comedy,2014,373552094,132000000,United States of America,,,129
2080,X-Men Origins: Wolverine,Adventure|Action|Thriller|Science Fiction,2009,373062864,150000000,United States of America,,,130
17578,The Adventures of Tintin,Adventure|Animation|Mystery,2011,371940071,130000000,New Zealand,,,131
72559,G.I. Joe: Retaliation,Adventure|Action|Science Fiction|Thriller,2013,371876278,130000000,United States of America,,,132
534,Terminator Salvation,Action|Science Fiction|Thriller,2009,371353001,200000000,Germany,,,133
1771,Captain America: The First Avenger,Action|Adventure|Science Fiction,2011,370569774,140000000,United States of America,,,134
137113,Edge of Tomorrow,Action|Science Fiction,2014,370541256,178000000,Australia,,,135
210577,Gone Girl,Mystery|Thriller|Drama,2014,369330363,61000000,United States of America,,,136
228161,Home,Fantasy|Comedy|Animation|Science Fiction|Family,2015,368871007,135000000,United States of America,,,137
86834,Noah,Drama|Adventure,2014,362637473,125000000,United States of America,,,138
76492,Hotel Transylvania,Animation|Comedy|Family|Fantasy,2012,358375603,85000000,United States of America,,,139
258489,The Legend of Tarzan,Action|Adventure,2016,356743061,180000000,Canada,,,140
13448,Angels & Demons,Thriller|Mystery,2009,356613439,150000000,Italy,,,141
72545,Journey 2: The Mysterious Island,Adventure|Action|Science Fiction,2012,355692760,79000000,United States of America,,,142
49538,X-Men: First Class,Action|Science Fiction|Adventure,2011,353624124,160000000,United States of America,,,143
64682,The Great Gatsby,Drama|Romance,2013,351040419,105000000,United States of America,,,144
153518,The Angry Birds Movie,Family|Animation,2016,349779543,73000000,Finland,,,145
181533,Night at the Museum: Secret of the Tomb,Adventure|Comedy|Fantasy|Family,2014,349424282,127000000,United Kingdom,,,146
198663,The Maze Runner,Action|Mystery|Science Fiction|Thriller,2014,348319861,34000000,United States of America,,,147
77931,The Smurfs 2,Fantasy|Family|Comedy|Animation,2013,347434178,105000000,United States of America,,,148
188927,Star Trek Beyond,Action|Adventure|Science Fiction,2016,343471816,185000000,United States of America,,,149
55301,Alvin and the Chipmunks: Chipwrecked,Comedy|Fantasy|Family|Music|Animation,2011,342695435,75000000,United States of America,,,150
53182,300: Rise of an Empire,Action|War,2014,337580051,110000000,United States of America,,,151
9543,Prince of Persia: The Sands of Time,Adventure|Fantasy|Action|Romance,2010,335154643,150000000,United States of America,,,152
291805,Now You See Me 2,Action|Adventure|Comedy|Crime|Mystery|Thriller,2016,334901337,90000000,Canada,,,153
58574,Sherlock Holmes: A Game of Shadows,Adventure|Action|Crime|Mystery,2011,543848418,125000000,United States of America,,,154
4922,The Curious Case of Benjamin Button,Fantasy|Drama|Thriller|Mystery|Romance,2008,333932083,150000000,United States of America,,,155
105864,The Good Dinosaur,Adventure|Animation|Family,2015,331926147,175000000,United States of America,,,156
44214,Black Swan,Drama|Thriller,2010,327803731,13000000,United States of America,,,157
260346,Taken 3,Thriller|Action,2014,325771424,48000000,France,,,158
17979,A Christmas Carol,Animation|Drama,2009,325233863,200000000,United States of America,,,159
38055,Megamind,Animation|Action|Comedy|Family|Science Fiction,2010,321887208,130000000,United States of America,,,160
259693,The Conjuring 2,Horror,2016,320170008,40000000,Canada,,,161
16869,Inglourious Basterds,Drama|Action|Thriller|War,2009,319131050,70000000,Germany,,,162
10196,The Last Airbender,Action|Adventure|Family|Fantasy,2010,318502923,150000000,United States of America,,,163
138843,The Conjuring,Horror|Thriller,2013,318000141,13000000,United States of America,,,164
18240,The Proposal,Comedy|Romance|Drama,2009,317375031,40000000,United States of America,,,165
76163,The Expendables 2,Action|Adventure|Thriller,2012,312573423,100000000,United States of America,,,166
228165,The SpongeBob Movie: Sponge Out of Water,Animation|Adventure|Comedy|Family,2015,311594032,74000000,United States of America,,,167
294254,Maze Runner: The Scorch Trials,Action,2015,311256926,61000000,United States of America,,,168
20662,Robin Hood,Action|Adventure,2010,310669540,200000000,United Kingdom,,,169
39451,Little Fockers,Comedy|Romance,2010,310650585,100000000,United States of America,,,170
13053,Bolt,Animation|Family|Adventure|Comedy,2008,309979994,150000000,United States of America,,,171
22881,The Blind Side,Drama,2009,309208309,29000000,United States of America,,,172
222935,The Fault in Our Stars,Romance|Drama,2014,307166834,12000000,United States of America,,,173
81188,Rise of the Guardians,Fantasy|Animation|Family,2012,306941670,145000000,United States of America,,,174
47964,A Good Day to Die Hard,Action|Thriller,2013,304654182,92000000,United States of America,,,175
44833,Battleship,Thriller|Action|Adventure|Science Fiction,2012,303025485,209000000,United States of America,,,176
14869,G.I. Joe: The Rise of Cobra,Adventure|Action|Thriller|Science Fiction,2009,302469017,175000000,Czech Republic,,,177
57165,Wrath of the Titans,Adventure,2012,301000000,150000000,Spain,,,178
35791,Resident Evil: Afterlife,Action|Adventure|Horror|Science Fiction,2010,300228084,60000000,Germany,,,179
241259,Alice Through the Looking Glass,Fantasy,2016,299370084,170000000,United Kingdom,,,180
39254,Real Steel,Action|Science Fiction|Drama,2011,299268508,110000000,India,,,181
262500,Insurgent,Adventure|Science Fiction|Thriller,2015,295238201,110000000,United States of America,,,182
11324,Shutter Island,Drama|Thriller|Mystery,2010,294804195,80000000,United States of America,,,183
27576,Salt,Action|Mystery|Thriller,2010,293329073,110000000,United States of America,,,184
19585,G-Force,Fantasy|Action|Adventure|Family|Comedy,2009,292817841,150000000,United States of America,,,185
157350,Divergent,Adventure|Action|Science Fiction,2014,288747895,85000000,United States of America,,,186
55721,Bridesmaids,Comedy|Romance,2011,288383523,32500000,United States of America,,,187
37786,Sex and the City 2,Comedy|Drama|Romance,2010,288347692,100000000,United States of America,,,188
254470,Pitch Perfect 2,Comedy|Music,2015,287506194,29000000,United States of America,,,189
75612,Oblivion,Action|Science Fiction|Adventure|Mystery,2013,286168572,120000000,United States of America,,,190
68724,Elysium,Science Fiction|Action|Drama|Thriller,2013,286140700,115000000,United States of America,,,191
49529,John Carter,Action|Adventure|Science Fiction,2012,284139100,260000000,United States of America,,,192
77950,Turbo,Animation|Family,2013,282570682,135000000,United States of America,,,193
37710,The Tourist,Action|Thriller|Romance,2010,278731369,100000000,United Kingdom,,,194
49040,The Bourne Legacy,Action|Thriller,2012,276572938,130000000,United States of America,,,195
72976,Lincoln,History|Drama,2012,275293450,65000000,India,,,196
27578,The Expendables,Thriller|Adventure|Action,2010,274470394,80000000,United States of America,,,197
82703,Mr. Peabody & Sherman,Animation|Adventure|Family,2014,272912430,145000000,United States of America,,,198
38365,Grown Ups,Comedy,2010,271430189,80000000,United States of America,,,199
138832,We're the Millers,Comedy|Crime,2013,269994119,37000000,United States of America,,,200
13223,Gran Torino,Drama,2008,269958228,33000000,United States of America,,,201
116711,Epic,Animation|Adventure|Family|Fantasy,2013,268426634,100000000,United States of America,,,202
195589,Neighbors,Comedy,2014,268157400,18000000,United States of America,,,203
147441,Exodus: Gods and Kings,Adventure|Drama|Action,2014,268031828,140000000,Spain,,,204
10198,The Princess and the Frog,Romance|Family|Animation|Music,2009,267045765,105000000,United States of America,,,205
241254,The Prince,Thriller|Action,2014,266586800,18000000,United States of America,,,206
37834,Knight and Day,Action|Comedy,2010,261930431,117000000,United States of America,,,207
37686,Super 8,Thriller|Science Fiction|Mystery,2011,260095987,50000000,United States of America,,,208
116149,Paddington,Family|Comedy,2014,259207227,55000000,United Kingdom,,,209
8909,Wanted,Action|Thriller|Crime,2008,258270008,75000000,Germany,,,210
250546,Annabelle,Horror,2014,255273813,6500000,United States of America,,,211
45243,The Hangover Part II,Comedy,2011,586764305,80000000,United States of America,,,212
44264,True Grit,Drama|Adventure|Western,2010,252276927,38000000,United States of America,,,213
168672,American Hustle,Drama|Crime,2013,251171807,40000000,United States of America,,,214
109451,Cloudy with a Chance of Meatballs 2,Animation|Family|Comedy,2013,248384621,78000000,United States of America,,,215
109418,Grown Ups 2,Comedy,2013,246984278,80000000,United States of America,,,216
227973,The Peanuts Movie,Animation,2015,246233113,99000000,United States of America,,,217
44896,Rango,Animation|Comedy|Family|Western|Adventure,2011,245724603,135000000,United States of America,,,218
308531,Teenage Mutant Ninja Turtles: Out of the Shadows,Fantasy|Action|Adventure|Comedy,2016,245623848,135000000,China,,,219
62213,Dark Shadows,Comedy|Fantasy,2012,245527149,150000000,Australia,,,220
14306,Marley & Me,Comedy|Family,2008,244082376,60000000,United States of America,,,221
82700,After Earth,Science Fiction|Action|Adventure,2013,243843127,130000000,United States of America,,,222
257344,Pixels,Action|Comedy|Science Fiction,2015,243637091,88000000,United States of America,,,223
184315,Hercules,Action|Adventure,2014,243400000,100000000,United States of America,,,224
22794,Cloudy with a Chance of Meatballs,Animation|Comedy|Family,2009,242988466,100000000,United States of America,,,225
274167,Daddy's Home,Comedy,2015,242786137,50000000,United States of America,,,226
97020,RoboCop,Action|Science Fiction,2014,242688965,120000000,Canada,,,227
71679,Resident Evil: Retribution,Action|Horror|Science Fiction,2012,240159255,65000000,Canada,,,228
38745,Gulliver's Travels,Comedy,2010,237382724,112000000,United States of America,,,229
71552,American Reunion,Comedy,2012,234989584,50000000,United States of America,,,230
205596,The Imitation Game,History|Drama|Thriller|War,2014,233555708,14000000,United Kingdom,,,232
10200,The Day the Earth Stood Still,Drama|Science Fiction|Thriller,2008,233093859,80000000,Canada,,,233
18823,Clash of the Titans,Adventure|Fantasy|Action,2010,232713139,125000000,United States of America,,,234
65754,The Girl with the Dragon Tattoo,Thriller|Crime|Mystery|Drama,2011,232617430,90000000,Norway,,,235
68734,Argo,Drama|Thriller,2012,232324128,44500000,United States of America,1.0,0.0,236
11665,Get Smart,Action|Comedy|Thriller,2008,230685453,80000000,Canada,,,237
43074,Ghostbusters,Action|Fantasy|Comedy,2016,229147509,144000000,United States of America,,,238
40805,The Green Hornet,Action|Crime|Comedy,2011,227817248,120000000,United States of America,,,239
37958,Immortals,Fantasy|Action|Drama,2011,226904017,75000000,United States of America,,,240
8681,Taken,Action|Thriller,2008,226830568,25000000,France,,,241
32657,Percy Jackson & the Olympians: The Lightning Thief,Adventure|Fantasy|Family,2010,226497209,95000000,Canada,,,242
10201,Yes Man,Comedy,2008,225990978,70000000,United States of America,,,243
37799,The Social Network,Drama,2010,224920315,40000000,United States of America,,,244
60304,Hansel & Gretel: Witch Hunters,Fantasy|Horror|Action,2013,224803475,50000000,United States of America,,,245
225574,Non-Stop,Action|Thriller|Mystery,2014,222809600,50000000,France,,,246
8247,Jumper,Adventure|Fantasy|Science Fiction,2008,222231186,85000000,Canada,,,247
44912,Green Lantern,Adventure|Action|Thriller|Science Fiction,2011,219851172,200000000,United States of America,,,248
22897,It's Complicated,Comedy|Romance,2009,219103655,85000000,United States of America,,,249
75780,Jack Reacher,Crime|Drama|Thriller,2012,218340595,60000000,United States of America,,,250
214756,Ted 2,Comedy,2015,217022588,68000000,United States of America,,,251
302699,Central Intelligence,Action|Comedy,2016,216972543,50000000,United States of America,,,252
32856,Valentine's Day,Comedy|Romance,2010,216485654,52000000,United States of America,,,253
52449,Bad Teacher,Comedy,2011,216197492,20000000,United States of America,,,254
49017,Dracula Untold,Horror|Action|Drama|Fantasy|War,2014,215529201,70000000,United States of America,,,255
27022,The Sorcerer's Apprentice,Fantasy|Adventure|Action|Comedy|Drama,2010,215283742,150000000,United States of America,,,256
50546,Just Go with It,Romance|Comedy,2011,214918407,80000000,United States of America,,,257
11322,Public Enemies,History|Crime|Drama,2009,214104620,80000000,United States of America,,,258
224141,Into the Woods,Fantasy|Comedy|Music,2014,212902372,50000000,United States of America,,,259
10202,Bedtime Stories,Fantasy|Comedy|Family|Romance,2008,212874442,80000000,United States of America,,,260
228150,Fury,War|Drama|Action,2014,211817906,68000000,United Kingdom,,,261
41733,Due Date,Comedy|Drama,2010,211780824,65000000,United States of America,,,262
17654,District 9,Science Fiction,2009,210819611,30000000,United States of America,,,263
158852,Tomorrowland,Adventure|Family|Mystery|Science Fiction,2015,209154322,190000000,United States of America,,,264
59961,Safe House,Action|Thriller,2012,208076205,85000000,United States of America,,,265
296096,Me Before You,Drama|Romance,2016,207945075,20000000,United States of America,,,266
138103,The Expendables 3,Action|Adventure|Thriller,2014,206172544,90000000,France,,,267
267860,London Has Fallen,Action|Crime|Thriller,2016,205754447,60000000,Bulgaria,,,268
82693,Silver Linings Playbook,Drama|Comedy|Romance,2012,205738714,21000000,United States of America,,,269
72571,Paranormal Activity 3,Horror,2011,205703818,5000000,United States of America,,,270
117251,White House Down,Action|Drama|Thriller,2013,205366737,150000000,United States of America,,,271
20943,The Ugly Truth,Comedy|Romance,2009,205298907,38000000,United States of America,,,272
38167,Eat Pray Love,Drama,2010,204594016,60000000,United States of America,,,273
253412,Everest,Adventure|Drama,2015,203427584,55000000,Iceland,,,274
136797,Need for Speed,Action|Crime|Drama|Thriller,2014,203277636,66000000,Philippines,,,275
44943,Battle: Los Angeles,Action|Science Fiction,2011,202466756,70000000,United States of America,,,276
277216,Straight Outta Compton,Drama|Music,2015,201634991,28000000,United States of America,,,277
10661,You Don't Mess with the Zohan,Comedy|Action,2008,201596308,90000000,United States of America,,,278
64688,21 Jump Street,Action|Comedy|Crime,2012,201585328,42000000,United States of America,,,279
41515,Yogi Bear,Comedy|Family|Animation|Adventure,2010,201584141,80000000,United States of America,,,280
2253,Valkyrie,Drama|Thriller|History|War,2008,200276000,75000000,Germany,,,281
81005,Jack the Giant Slayer,Action|Family|Fantasy,2013,197687603,195000000,United States of America,,,282
193610,The Other Woman,Comedy|Romance,2014,196781193,40000000,United States of America,,,283
72570,The Vow,Drama|Romance,2012,196114570,30000000,United States of America,,,284
257211,The Intern,Comedy,2015,194564672,35000000,United States of America,,,285
381902,The Monkey King 2,Action|Adventure|Fantasy,2016,193677158,68490000,Hong Kong,,,286
156022,The Equalizer,Thriller|Action|Crime,2014,192330738,55000000,United States of America,,,287
187017,22 Jump Street,Crime|Comedy|Action,2014,188441614,50000000,United States of America,,,288
116745,The Secret Life of Walter Mitty,Adventure|Comedy|Drama|Fantasy,2013,188133322,90000000,United States of America,,,289
7446,Tropic Thunder,Action|Comedy,2008,188072649,92000000,United States of America,,,290
12429,Ponyo,Animation|Family,2008,187479518,41677699,Japan,,,291
58224,Mr. Popper's Penguins,Comedy|Family,2011,187361754,55000000,United States of America,,,292
76203,12 Years a Slave,Drama|History,2013,187000000,20000000,United States of America,1.0,0.0,293
19912,The Final Destination,Horror|Mystery,2009,186167139,40000000,United States of America,,,294
44826,Hugo,Adventure|Drama|Family,2011,185770160,170000000,France,,,295
13183,Watchmen,Action|Mystery|Science Fiction,2009,185258983,130000000,United States of America,,,296
76757,Jupiter Ascending,Science Fiction|Fantasy|Action|Adventure,2015,183987723,176000003,United States of America,,,297
50359,Hop,Animation|Comedy|Family,2011,183953723,63000000,United Kingdom,,,298
376659,Bad Moms,Comedy,2016,183936074,20000000,United States of America,,,299
267935,The BFG,Adventure|Family|Fantasy,2016,183345589,140000000,India,,,300
14560,Paul Blart: Mall Cop,Action|Adventure|Comedy|Family,2009,183293131,26000000,United States of America,,,301
62764,Mirror Mirror,Adventure|Fantasy|Drama|Comedy|Science Fiction|Family,2012,183018522,85000000,United States of America,,,302
80278,The Impossible,Thriller|Drama,2012,180274123,42000000,United States of America,,,303
76493,The Dictator,Comedy,2012,179379533,65000000,United States of America,,,304
262504,Allegiant,Adventure|Science Fiction,2016,179246868,110000000,United States of America,,,305
13027,Eagle Eye,Mystery|Thriller|Action,2008,178066569,80000000,United States of America,,,306
57212,War Horse,Drama|War,2011,177584879,66000000,United States of America,,,307
41436,Paranormal Activity 2,Horror|Thriller,2010,177512032,3000000,United States of America,,,308
10184,He's Just Not That Into You,Comedy|Romance|Drama,2009,177259441,40000000,Netherlands,,,309
65057,The Descendants,Comedy|Drama,2011,177243185,20000000,United States of America,,,310
120467,The Grand Budapest Hotel,Comedy|Drama,2014,174600318,30000000,United Kingdom,,,311
76285,Percy Jackson: Sea of Monsters,Adventure|Family|Fantasy,2013,174578751,90000000,United States of America,,,312
109431,Identity Thief,Comedy|Crime,2013,173965010,35000000,United States of America,,,313
49530,In Time,Action|Thriller|Science Fiction,2011,173930596,40000000,United States of America,,,314
109443,Anchorman 2: The Legend Continues,Comedy,2013,173649015,50000000,United States of America,,,315
312221,Creed,Drama,2015,173567581,37000000,United States of America,,,316
19899,Couples Retreat,Comedy|Romance,2009,171844840,70000000,United States of America,,,317
7191,Cloverfield,Action|Thriller|Science Fiction,2008,170764026,25000000,United States of America,,,318
27581,The Other Guys,Action|Comedy|Crime,2010,170432927,100000000,United States of America,,,319
9029,What Happens in Vegas,Comedy|Romance,2008,170000000,35000000,United States of America,,,320
38317,Zookeeper,Comedy|Romance|Family,2011,169852759,80000000,United States of America,,,321
100042,Dumb and Dumber To,Comedy,2014,169837010,40000000,United States of America,,,322
11321,Seven Pounds,Drama,2008,168167691,55000000,United States of America,,,323
166424,Fantastic Four,Action|Adventure|Science Fiction,2015,167977596,120000000,United States of America,,,324
44048,Unstoppable,Action|Thriller,2010,167805466,100000000,United States of America,,,325
77930,Magic Mike,Drama|Comedy,2012,167221571,7000000,United States of America,,,326
296098,Bridge of Spies,Thriller|Drama,2015,165478348,40000000,India,,,327
64328,The Muppets,Comedy|Family|Music,2011,165184237,45000000,United States of America,,,328
290595,The Huntsman: Winter's War,Action|Adventure|Drama,2016,164602163,115000000,United States of America,,,329
12193,Four Christmases,Comedy|Romance|Drama,2008,163733697,80000000,United States of America,,,330
4944,Burn After Reading,Comedy|Drama,2008,163720069,37000000,United States of America,,,331
1724,The Incredible Hulk,Science Fiction|Action|Adventure,2008,163712074,150000000,United States of America,,,332
22947,Up in the Air,Drama|Romance,2009,163670000,25000000,United States of America,,,333
227306,Unbroken,Drama|War,2014,163442937,65000000,United States of America,,,334
8645,The Happening,Thriller|Science Fiction,2008,163403799,60000000,United States of America,,,335
8204,The Spiderwick Chronicles,Adventure|Family|Fantasy,2008,162839667,90000000,United States of America,,,336
87502,Flight,Drama,2012,161772375,31000000,United States of America,,,337
117263,Olympus Has Fallen,Action|Thriller,2013,161025640,70000000,United States of America,,,338
216282,Into the Storm,Action|Thriller,2014,160602194,50000000,United States of America,,,339
11253,Hellboy II: The Golden Army,Adventure|Fantasy|Science Fiction,2008,160388063,85000000,Germany,,,340
6557,27 Dresses,Comedy|Romance,2008,160259319,30000000,United States of America,,,341
52520,Underworld: Awakening,Fantasy|Action|Horror,2012,160112671,70000000,United States of America,,,342
58233,Johnny English Reborn,Crime|Adventure|Action|Comedy|Thriller,2011,160078586,45000000,United Kingdom,,,343
41233,Step Up 3D,Drama|Romance,2010,159291809,30000000,United States of America,,,344
136795,The Heat,Action|Comedy|Crime,2013,158674180,43000000,United States of America,,,345
257445,Goosebumps,Adventure|Horror|Comedy,2015,158162788,58000000,Australia,,,346
55779,Final Destination 5,Horror|Mystery,2011,157887643,47000000,United States of America,,,347
20504,The Book of Eli,Action|Thriller|Science Fiction,2010,157107755,80000000,United States of America,,,348
59962,This Means War,Action|Comedy|Romance,2012,156974557,65000000,United States of America,,,349
365222,Ip Man 3,Action|Drama|History,2015,156844753,36000000,Hong Kong,,,350
273248,The Hateful Eight,Crime|Drama|Mystery|Western,2015,155760117,44000000,United States of America,,,351
18126,Hannah Montana: The Movie,Comedy|Drama|Family|Music|Romance,2009,155545279,35000000,United States of America,,,352
13811,Knowing,Action|Adventure|Drama|Mystery|Science Fiction|Thriller,2009,155446362,50000000,United Kingdom,,,353
152760,The Monuments Men,War|Drama|History|Action,2014,154984035,70000000,Germany,,,354
23168,The Town,Crime|Drama|Thriller,2010,154026136,37000000,United States of America,,,355
168530,Ride Along,Action|Comedy,2014,153997819,25000000,United States of America,,,356
256591,Focus,Romance|Comedy|Crime|Drama,2015,153962963,50100000,United States of America,,,357
59108,Tower Heist,Action|Comedy,2011,152930623,75000000,United States of America,,,358
35056,Date Night,Comedy,2010,152263880,55000000,United States of America,,,359
208134,Bad Grandpa,Comedy,2013,151831537,15000000,United States of America,,,360
7461,Vantage Point,Drama|Action|Thriller|Crime,2008,151161491,40000000,United States of America,,,361
59436,Midnight in Paris,Fantasy|Comedy|Romance,2011,151119219,30000000,Spain,,,362
64686,47 Ronin,Drama|Action|Adventure|Fantasy,2013,150962475,175000000,United States of America,,,363
8328,Step Up 2: The Streets,Music|Drama|Romance,2008,150816700,23000000,United States of America,,,364
205584,Gods of Egypt,Fantasy,2016,150680864,140000000,Australia,,,365
50544,Friends with Benefits,Romance|Comedy,2011,150483765,35000000,United States of America,,,366
65759,Happy Feet Two,Animation|Comedy|Family,2011,150406466,130000000,Australia,,,367
18487,The Taking of Pelham 1 2 3,Thriller|Drama|Crime,2009,150166126,100000000,United States of America,,,368
71880,Jack and Jill,Comedy,2011,149673788,79000000,United States of America,,,369
193756,Lone Survivor,Action|Drama|Thriller|War,2013,149295601,40000000,United States of America,,,370
14405,Beverly Hills Chihuahua,Adventure|Comedy|Family,2008,149281606,20000000,United States of America,,,371
71676,Ghost Rider: Spirit of Vengeance,Action|Fantasy|Thriller,2011,149217355,57000000,United Arab Emirates,,,372
41630,No Strings Attached,Comedy|Romance,2011,147780440,25000000,United States of America,,,373
45612,Source Code,Thriller|Science Fiction|Mystery,2011,147332697,32000000,Canada,,,374
274854,The Last Witch Hunter,Fantasy|Action|Adventure,2015,146936910,90000000,United States of America,,,375
132232,Mama,Horror,2013,146497771,15000000,Spain,,,376
76726,Chronicle,Science Fiction|Drama|Thriller,2012,145000000,15000000,United States of America,,,377
46529,I Am Number Four,Action|Thriller|Science Fiction|Adventure,2011,144492830,50000000,United States of America,,,378
294272,Pete's Dragon,Adventure|Family|Fantasy,2016,143695338,65000000,United States of America,,,379
50646,"Crazy, Stupid, Love.",Comedy|Drama|Romance,2011,142851197,50000000,United States of America,,,380
82990,Paranormal Activity 4,Horror,2012,142817992,5000000,United States of America,,,381
62838,New Year's Eve,Comedy|Romance,2011,142044638,56000000,United States of America,,,382
271718,Trainwreck,Comedy,2015,140795793,35000000,United States of America,,,383
223702,Sausage Party,Adventure|Animation|Comedy|Fantasy,2016,140752617,19000000,Canada,,,384
85446,Step Up Revolution,Music|Drama|Romance,2012,140470746,33000000,United States of America,,,385
41216,Legend of the Guardians: The Owls of Ga'Hoole,Animation|Adventure|Family|Fantasy,2010,140073390,80000000,Australia,,,386
39538,Contagion,Drama|Thriller|Science Fiction,2011,137551594,60000000,United States of America,,,387
74534,The Best Exotic Marigold Hotel,Drama|Comedy,2011,136836156,10000000,United Arab Emirates,,,388
193893,Let's Be Cops,Comedy,2014,136621271,17000000,United States of America,,,389
16996,17 Again,Comedy,2009,136267476,20000000,United States of America,,,390
41439,Saw: The Final Chapter,Horror|Crime,2010,136150434,20000000,Canada,,,391
27573,The Bounty Hunter,Action,2010,136000000,40000000,United States of America,,,392
33909,Wall Street: Money Never Sleeps,Drama|Crime,2010,134748021,70000000,United States of America,,,393
137093,Last Vegas,Comedy,2013,134402450,28000000,United States of America,,,394
196867,Annie,Comedy|Drama|Family,2014,133821816,65000000,United States of America,,,395
257088,Point Break,Action|Crime|Thriller,2015,133718711,105000000,Germany,,,396
74643,The Artist,Drama|Comedy|Romance,2011,133432856,15000000,Belgium,1.0,0.0,397
318846,The Big Short,Comedy|Drama,2015,133346506,28000000,United States of America,,,398
2395,Asterix at the Olympic Games,Fantasy|Adventure|Comedy|Family,2008,132900000,97250400,Belgium,,,399
97630,Zero Dark Thirty,Thriller|Drama|History,2012,132820716,40000000,United States of America,,,400
52451,The Three Musketeers,Adventure|Action|Thriller,2011,132274484,75000000,United States of America,,,401
136400,2 Guns,Action|Comedy|Crime,2013,131940411,61000000,United States of America,,,402
48138,Unknown,Action|Mystery|Thriller,2011,130786397,30000000,France,,,403
83542,Cloud Atlas,Drama|Science Fiction,2012,130482868,102000000,Germany,,,404
24803,Julie & Julia,Romance|Drama,2009,129540499,40000000,United States of America,,,405
266647,Pan,Adventure|Family|Fantasy,2015,128388320,150000000,United States of America,,,406
12133,Step Brothers,Comedy,2008,128107642,65000000,United States of America,,,407
1729,The Forbidden Kingdom,Action|Adventure|Fantasy,2008,127906624,55000000,China,,,408
38050,The Adjustment Bureau,Science Fiction|Thriller|Romance,2011,127869379,50200000,United States of America,,,409
12289,Red Cliff,Adventure|Drama|Action,2008,127814609,80341000,China,,,410
65086,The Woman in Black,Drama|Horror|Thriller,2012,127730736,17000000,Canada,,,411
22803,Law Abiding Citizen,Drama|Crime|Thriller,2009,126690726,53000000,United States of America,,,412
240832,Lucy,Action|Science Fiction,2014,126546825,40000000,France,,,413
77951,Walking With Dinosaurs,Animation|Family|Adventure,2013,126546518,80000000,Australia,,,414
34851,Predators,Action|Science Fiction|Adventure|Thriller,2010,126248813,40000000,United States of America,,,415
225886,Sex Tape,Comedy,2014,126069509,40000000,United States of America,,,416
109414,This Is the End,Action|Comedy,2013,126041322,32000000,United States of America,,,417
80274,Ender's Game,Science Fiction|Action|Adventure,2013,125537191,110000000,United States of America,,,418
323675,Ride Along 2,Action|Comedy,2016,124827316,40000000,United States of America,,,419
14836,Coraline,Animation|Family,2009,124596398,60000000,United States of America,,,420
50014,The Help,Drama,2011,124272124,25000000,India,,,421
266856,The Theory of Everything,Drama|Romance,2014,123726688,15000000,United Kingdom,,,422
232672,Blended,Comedy,2014,123494610,40000000,United States of America,,,423
107846,Escape Plan,Action|Thriller,2013,122915111,50000000,United States of America,,,424
264999,Magic Mike XXL,Comedy|Drama|Music,2015,122513057,14800000,United States of America,,,425
19959,Surrogates,Action|Science Fiction|Thriller,2009,122444772,80000000,United States of America,,,426
22954,Invictus,Drama|History,2009,122233971,60000000,United States of America,,,427
146233,Prisoners,Drama|Thriller|Crime,2013,122126687,46000000,United States of America,,,428
300168,Dragon Blade,Action|Drama|Adventure,2015,121545703,65000000,Hong Kong,,,429
74465,We Bought a Zoo,Drama|Comedy|Family,2011,120081841,50000000,United States of America,,,430
88042,Parental Guidance,Comedy,2012,119772232,25000000,United States of America,,,431
332567,The Shallows,Horror|Drama|Thriller,2016,119100758,17000000,United States of America,,,432
316727,The Purge: Election Year,Action|Horror|Thriller,2016,118587880,10000000,France,,,433
72197,The Pirates! In an Adventure with Scientists!,Animation|Adventure|Family|Comedy,2012,118338361,60000000,United Kingdom,,,434
76649,Pompeii,Action|Adventure|History|Romance|Drama,2014,117831631,130000000,Canada,,,435
75656,Now You See Me,Thriller|Crime,2013,117698894,75000000,United States of America,,,436
16290,Jackass 3D,Comedy|Documentary|Action,2010,117224271,20000000,United States of America,,,437
51540,Horrible Bosses,Comedy|Crime,2011,117000000,35000000,United States of America,,,438
82654,Warm Bodies,Horror|Comedy|Romance,2013,116980662,35000000,Canada,,,439
132363,The Butler,Drama,2013,115922175,25000000,United States of America,,,440
114150,Pitch Perfect,Comedy|Music|Romance,2012,115350426,17000000,United States of America,,,441
22971,Dear John,Drama|Romance|War,2010,114977104,25000000,United States of America,,,442
71688,The Iron Lady,History|Drama,2011,114956699,13000000,France,,,443
10521,Bride Wars,Comedy,2009,114663461,30000000,United States of America,,,444
82696,Hope Springs,Drama|Comedy|Romance,2012,114281051,30000000,United States of America,,,445
68737,Seventh Son,Adventure|Fantasy,2014,114178613,95000000,China,,,446
55787,Water for Elephants,Drama|Romance,2011,114156230,38000000,United States of America,,,447
11917,Saw V,Horror|Thriller|Crime,2008,113857533,10800000,United States of America,,,448
12113,Body of Lies,Action|Drama|Thriller,2008,113280098,70000000,United States of America,,,449
3580,Changeling,Crime|Drama|Mystery,2008,113020255,55000000,United States of America,,,450
8055,The Reader,Drama|Romance,2008,113019290,32000000,Germany,,,451
140823,Saving Mr. Banks,Comedy|Drama|History,2013,112544580,35000000,Australia,,,452
39691,Cats & Dogs 2 : The Revenge of Kitty Galore,Comedy|Family,2010,112483764,85000000,United States of America,,,453
259694,How to Be Single,Comedy|Romance,2016,112343513,38000000,United States of America,,,454
72331,Abraham Lincoln: Vampire Hunter,Action|Fantasy|Horror,2012,112265139,69000000,United States of America,,,455
257091,Get Hard,Comedy,2015,111811453,40000000,United States of America,,,456
8676,Fool's Gold,Romance|Comedy|Adventure,2008,111231041,70000000,United States of America,,,457
60308,Moneyball,Drama,2011,110206216,50000000,United States of America,,,458
175574,Free Birds,Animation|Comedy|Family,2013,110000000,55000000,United States of America,,,459
299687,The 5th Wave,Adventure|Science Fiction,2016,109906372,38000000,United States of America,,,460
238636,The Purge: Anarchy,Horror|Thriller,2014,108782847,9000000,France,,,461
325133,Neighbors 2: Sorority Rising,Comedy,2016,108758521,35000000,United States of America,,,462
48340,Sanctum,Action|Thriller,2011,108609310,30000000,United States of America,,,463
333371,10 Cloverfield Lane,Thriller|Science Fiction|Drama,2016,108286421,15000000,United States of America,,,464
170687,The Boxtrolls,Animation|Comedy|Family|Fantasy,2014,108255770,60000000,United States of America,,,465
203801,The Man from U.N.C.L.E.,Comedy|Action|Adventure,2015,108145109,75000000,United States of America,,,466
227159,Horrible Bosses 2,Comedy,2014,107670357,42000000,United States of America,,,467
256961,Paul Blart: Mall Cop 2,Action|Comedy|Family,2015,107597242,38000000,United States of America,,,468
77174,ParaNorman,Family|Animation|Adventure|Comedy,2012,107139399,60000000,United States of America,,,469
13836,Race to Witch Mountain,Adventure|Family|Fantasy|Science Fiction|Thriller|Action,2009,106303988,50000000,United States of America,,,470
82682,Gangster Squad,Crime|Drama|Action|Thriller,2013,105200903,60000000,United States of America,,,471
44603,Hereafter,Drama|Fantasy,2010,105197635,50000000,United States of America,,,472
9870,Forgetting Sarah Marshall,Comedy|Romance|Drama,2008,105173115,30000000,United States of America,,,473
16866,Planet 51,Science Fiction|Animation|Family|Comedy|Adventure,2009,104945765,70000000,Spain,,,474
198184,Chappie,Crime|Action|Science Fiction,2015,104399548,49000000,Mexico,,,476
296099,Vacation,Comedy,2015,104384188,31000000,United States of America,,,477
280092,Insidious: Chapter 3,Drama|Horror|Thriller,2015,104303851,10000000,Canada,,,478
242512,Ouija,Horror,2014,103590271,5000000,Japan,,,479
194662,Birdman,Drama|Comedy,2014,103215094,18000000,United States of America,1.0,0.0,480
157353,Transcendence,Thriller|Science Fiction|Drama|Mystery,2014,103039258,100000000,China,,,481
43347,Love & Other Drugs,Drama|Comedy|Romance,2010,102820008,30000000,United States of America,,,482
19908,Zombieland,Comedy|Horror,2009,102391382,23600000,United States of America,,,483
76487,The Devil Inside,Thriller|Horror,2012,101758490,1000000,United States of America,,,484
88751,Journey to the Center of the Earth,Action|Science Fiction|Adventure|Comedy|Family,2008,101702060,45000000,United States of America,,,485
10189,Pineapple Express,Action|Comedy,2008,101624843,27000000,United States of America,,,486
236751,Heaven is for Real,Drama,2014,101332962,12000000,United States of America,,,487
24420,The Time Traveler's Wife,Drama|Romance|Fantasy,2009,101229792,39000000,United States of America,,,488
274479,Joy,Drama|Comedy,2015,101134059,60000000,United States of America,,,489
14435,My Bloody Valentine,Mystery|Horror,2009,100734718,15000000,United States of America,,,490
218778,"Alexander and the Terrible, Horrible, No Good, Very Bad Day",Family|Comedy,2014,100654149,28000000,United States of America,,,491
226486,Tammy,Comedy,2014,100525432,20000000,United States of America,,,492
205220,Philomena,Drama,2013,100129872,12000000,United Kingdom,,,493
16523,Where the Wild Things Are,Family|Fantasy,2009,100086793,100000000,United States of America,,,494
10488,Nim's Island,Adventure|Comedy|Family|Fantasy,2008,100076342,37000000,United States of America,,,495
57214,Project X,Comedy|Crime,2012,100000000,12000000,United States of America,,,496
256040,Baahubali: The Beginning,Action|Adventure|War|History,2015,100000000,40000000,India,,,497
77877,The Lucky One,Drama|Romance,2012,99357138,25000000,United States of America,,,498
160588,Blue Jasmine,Comedy|Drama,2013,99206215,18000000,United States of America,,,499
211954,Instructions Not Included,Comedy|Drama,2013,99067206,5500000,Mexico,,,500
261023,Black Mass,Crime|Drama,2015,98837872,53000000,United Kingdom,,,501
298312,The Visit,Horror|Thriller,2015,98450062,5000000,United States of America,,,502
54518,Justin Bieber: Never Say Never,Documentary|Music|Family,2011,98441954,13000000,United States of America,,,503
87421,Riddick,Science Fiction|Action|Thriller,2013,98337295,38000000,United States of America,,,504
37821,Killers,Action|Comedy|Thriller|Romance,2010,98159963,75000000,United States of America,,,505
112949,Safe Haven,Romance,2013,97594140,28000000,United States of America,,,506
309809,The Little Prince,Adventure|Animation|Fantasy,2015,97571250,64000000,France,,,507
39513,Paul,Adventure|Comedy|Science Fiction,2011,97552050,40000000,United States of America,,,508
109428,Evil Dead,Horror,2013,97542952,17000000,United States of America,,,509
228326,The Book of Life,Romance|Animation|Adventure|Comedy|Family|Fantasy,2014,97437106,50000000,Mexico,,,510
41446,Scream 4,Horror|Mystery,2011,97138686,40000000,United States of America,,,511
49018,Insidious,Horror|Thriller,2010,97009150,1500000,United States of America,,,512
5038,Vicky Cristina Barcelona,Drama|Romance,2008,96408652,15000000,United States of America,,,513
23483,Kick-Ass,Action|Crime,2010,96188903,28000000,United Kingdom,,,514
67660,Think Like a Man,Comedy|Romance,2012,96070507,12000000,United States of America,,,515
48171,The Rite,Drama|Thriller|Horror,2011,96047633,37000000,United States of America,,,516
10024,My Sister's Keeper,Drama,2009,95714875,30000000,United States of America,,,517
62837,Dolphin Tale,Drama|Family,2011,95404397,37000000,United States of America,,,518
76758,The Flowers of War,Drama|History|War,2011,95311434,94000000,China,,,519
109410,42,Drama,2013,95020213,40000000,United States of America,,,520
109424,Captain Phillips,Action|Drama|Thriller,2013,95000000,55000000,United States of America,,,521
22972,Green Zone,War|Action|Adventure|Drama|Thriller,2010,94882889,100000000,Spain,,,522
291870,Dirty Grandpa,Comedy,2016,94073028,11500000,United States of America,,,523
271969,Ben-Hur,Drama,2016,94061311,100000000,United States of America,,,524
7459,Speed Racer,Action|Family|Science Fiction,2008,93945766,120000000,Australia,,,525
205775,In the Heart of the Sea,Thriller|Drama|Adventure|Action|History,2015,93820758,100000000,United States of America,,,526
45317,The Fighter,Drama,2010,93617009,25000000,United States of America,,,527
7980,The Lovely Bones,Fantasy|Drama,2009,93525586,65000000,United Kingdom,,,528
303858,Money Monster,Thriller,2016,93282604,27000000,United States of America,,,529
35019,Nanny McPhee and the Big Bang,Comedy|Fantasy,2010,93246388,35000000,United States of America,,,530
15373,Role Models,Comedy,2008,92380927,28000000,United States of America,,,531
22949,Old Dogs,Comedy|Family,2009,92219310,35000000,United States of America,,,532
307081,Southpaw,Action|Drama,2015,91709827,30000000,United States of America,,,533
16538,"I Love You, Man",Comedy,2009,91636986,41000000,United States of America,,,534
12437,Underworld: Rise of the Lycans,Fantasy|Action|Adventure|Science Fiction|Thriller,2009,91353501,35000000,United States of America,,,535
16871,Drag Me to Hell,Horror|Thriller,2009,90810892,30000000,United States of America,,,536
123553,The Mortal Instruments: City of Bones,Action|Adventure|Drama|Mystery|Romance|Fantasy,2013,90565421,60000000,United States of America,,,537
96721,Rush,Drama|Action,2013,90247624,38000000,Germany,,,539
32823,Get Him to the Greek,Comedy,2010,90029656,40000000,United States of America,,,540
23629,Sucker Punch,Action|Fantasy|Thriller,2011,89792502,82000000,United States of America,,,541
42297,Burlesque,Drama|Romance,2010,89519773,55000000,United States of America,,,542
158015,The Purge,Science Fiction|Horror|Thriller,2013,89328627,3000000,France,,,543
57201,The Lone Ranger,Action|Adventure|Western,2013,260502115,255000000,United States of America,,,544
49730,Red Riding Hood,Fantasy|Thriller|Horror,2011,89162162,42000000,Canada,,,545
302688,My Big Fat Greek Wedding 2,Romance|Comedy|Family,2016,88923251,18000000,Canada,,,546
228194,The Hundred-Foot Journey,Drama,2014,88880821,22000000,India,,,547
314365,Spotlight,Drama|Thriller|History,2015,88346473,20000000,Canada,1.0,0.0,548
89492,This Is 40,Comedy,2012,88058786,35000000,United States of America,,,549
16995,State of Play,Action,2009,87784194,60000000,France,,,550
110415,Snowpiercer,Action|Science Fiction|Drama,2013,86758912,39200000,South Korea,,,552
38778,Dinner for Schmucks,Comedy,2010,86387857,69000000,United States of America,,,553
227348,Paranormal Activity: The Marked Ones,Horror|Thriller,2014,86362372,5000000,United States of America,,,554
134374,Pain & Gain,Thriller|Crime|Action,2013,86175291,25000000,United States of America,,,555
268238,The Second Best Exotic Marigold Hotel,Drama|Comedy,2015,85978266,10000000,United Kingdom,,,556
56288,Spy Kids: All the Time in the World,Family|Comedy|Action,2011,85564310,27000000,United States of America,,,557
286565,Paper Towns,Drama|Mystery|Romance,2015,85512300,12000000,United States of America,,,558
77883,The Possession,Horror|Thriller,2012,85446075,14000000,United States of America,,,559
13051,Max Payne,Action,2008,85416905,35000000,United States of America,,,560
50348,The Lincoln Lawyer,Crime|Drama|Thriller,2011,85412898,40000000,United States of America,,,561
24438,Did You Hear About the Morgans?,Comedy,2009,85280250,58000000,United States of America,,,562
7278,Meet the Spartans,Comedy,2008,84646831,30000000,United States of America,,,563
88794,J. Edgar,Drama|Crime|History,2011,84606030,35000000,United States of America,,,564
10761,Made of Honor,Comedy|Romance,2008,84601681,40000000,United Kingdom,,,565
273481,Sicario,Action|Crime|Drama|Mystery|Thriller,2015,84025816,30000000,United States of America,,,566
38579,Marmaduke,Family|Comedy,2010,83761844,50000000,United States of America,,,567
205587,The Judge,Drama,2014,83719388,50000000,United States of America,,,568
328387,Nerve,Mystery|Adventure|Crime,2016,83707310,20000000,United States of America,,,569
38322,"Big Mommas: Like Father, Like Son",Crime|Comedy|Action,2011,83615414,32000000,United States of America,,,570
43593,Piranha 3D,Comedy|Horror,2010,83188165,24000000,United States of America,,,571
48988,Hall Pass,Comedy,2011,83160734,36000000,United States of America,,,572
82525,Savages,Crime|Drama|Thriller,2012,82966152,45000000,United States of America,,,573
133805,Carrie,Drama|Horror,2013,82394288,30000000,United States of America,,,574
59965,Abduction,Thriller|Action|Mystery,2011,82087155,35000000,United States of America,,,575
75674,Act of Valor,Action|Thriller|War,2012,81272766,12000000,United States of America,,,576
40264,Vampires Suck,Horror|Comedy,2010,80547866,20000000,United States of America,,,577
145220,Muppets Most Wanted,Comedy|Adventure|Crime|Family,2014,80383290,50000000,United States of America,,,578
76494,What to Expect When You're Expecting,Romance|Comedy|Drama,2012,79700000,40000000,United States of America,,,579
249164,If I Stay,Drama,2014,78874843,11000000,United States of America,,,580
323676,The Boss,Comedy,2016,78636257,29000000,United States of America,,,581
4258,Scary Movie 5,Comedy,2013,78378744,20000000,United States of America,,,582
38321,Priest,Action|Science Fiction|Fantasy|Thriller|Horror,2011,78309131,60000000,United States of America,,,583
64690,Drive,Drama|Action|Thriller|Crime,2011,78054825,15000000,United States of America,,,584
82507,Sinister,Horror|Thriller|Mystery,2012,77712439,3000000,United States of America,,,585
34806,The Back-Up Plan,Comedy|Romance,2010,77477008,35000000,United States of America,,,586
75174,The Grey,Action|Drama|Thriller,2012,77278331,25000000,Canada,,,587
82650,Diary of a Wimpy Kid: Dog Days,Comedy|Family,2012,77112176,22000000,United States of America,,,588
339984,Miracles from Heaven,Drama,2016,77000000,16000000,United States of America,,,589
315011,Shin Godzilla,Action|Adventure|Drama|Horror|Science Fiction,2016,77000000,15000000,Japan,,,590
13788,The Unborn,Horror|Thriller|Mystery,2009,76514050,16000000,United States of America,,,592
10316,The Ides of March,Drama,2011,75993061,12500000,United States of America,,,593
33217,Diary of a Wimpy Kid,Comedy|Family,2010,75700498,15000000,United Kingdom,,,594
49520,The Change-Up,Comedy,2011,75450437,52000000,United States of America,,,595
4148,Revolutionary Road,Drama|Romance,2008,75225693,35000000,United Kingdom,,,596
37735,Easy A,Comedy,2010,74952305,8000000,United States of America,,,597
12201,Edge of Darkness,Crime|Drama|Mystery|Thriller,2010,74901339,80000000,United Kingdom,,,598
68179,Escape from Planet Earth,Animation|Comedy|Adventure|Family|Science Fiction,2013,74597643,40000000,Canada,,,599
152737,August: Osage County,Comedy|Drama,2013,74188937,25000000,United States of America,,,600
10483,Death Race,Action|Thriller|Science Fiction,2008,73762516,45000000,United Kingdom,,,601
81836,To Rome with Love,Romance|Comedy,2012,73244881,17000000,Italy,,,602
13389,Righteous Kill,Action|Crime|Drama|Thriller,2008,73174566,60000000,United States of America,,,603
15189,Hotel for Dogs,Comedy|Family,2009,73034460,35000000,United States of America,,,605
287948,The Transporter Refueled,Thriller|Action|Crime,2015,72629670,25000000,Belgium,,,606
13515,Mirrors,Horror|Mystery|Thriller,2008,72436439,35000000,Romania,,,607
60307,Diary of a Wimpy Kid: Rodrick Rules,Family|Comedy,2011,72417394,21000000,United States of America,,,608
9381,Babylon A.D.,Action|Adventure|Science Fiction|Thriller,2008,72108608,70000000,France,,,609
39514,RED,Action|Adventure|Comedy|Crime|Thriller,2010,71664962,58000000,United States of America,,,610
146304,The Best Man Holiday,Comedy,2013,71625195,17000000,United States of America,,,611
241554,Run All Night,Action|Crime|Drama|Mystery|Thriller,2015,71561644,50000000,United States of America,,,612
100241,"I, Frankenstein",Horror|Thriller,2014,71154592,65000000,United States of America,,,613
109091,The Counselor,Thriller|Crime|Drama,2013,71009334,25000000,United Kingdom,,,614
12620,The House Bunny,Romance|Comedy,2008,70442940,25000000,United States of America,,,615
184098,Think Like a Man Too,Comedy|Romance,2014,70181428,24000000,United States of America,,,616
8065,21,Drama|Crime,2008,69823199,35000000,United States of America,,,617
300671,13 Hours: The Secret Soldiers of Benghazi,Action|Drama|History|Thriller|War,2016,69411370,50000000,Malta,,,618
22907,Takers,Action|Crime|Drama|Thriller,2010,69055695,32000000,United States of America,,,619
254473,Brick Mansions,Action|Crime|Drama,2014,68896829,28000000,Canada,,,621
10313,The Men Who Stare at Goats,Comedy|War,2009,68729358,24000000,United Kingdom,,,622
18162,Land of the Lost,Adventure|Comedy|Science Fiction,2009,68688831,100000000,United States of America,,,623
158011,The Call,Crime|Thriller,2013,68572378,13000000,United States of America,,,624
8836,The X Files: I Want to Believe,Drama|Mystery|Science Fiction|Thriller,2008,68369434,30000000,Canada,,,625
80035,The Watch,Comedy,2012,68267862,68000000,United States of America,,,626
83666,Moonrise Kingdom,Comedy|Drama|Romance,2012,68263166,16000000,United States of America,,,627
22804,Saw VI,Horror|Mystery,2009,68233629,11000000,Australia,,,628
22894,Legion,Horror,2010,67918658,26000000,United States of America,,,629
235260,Son of God,Drama,2014,67800064,22000000,United States of America,,,630
38358,The Last Exorcism,Horror|Drama|Thriller,2010,67738090,1800000,United States of America,,,631
209451,Jersey Boys,Music|Drama,2014,67347013,40000000,United States of America,,,632
44564,The Dilemma,Comedy|Drama,2011,67112664,70000000,United States of America,,,633
227156,The Giver,Drama|Science Fiction,2014,66980456,25000000,United States of America,,,634
42684,Skyline,Science Fiction,2010,66821036,10000000,United States of America,,,635
273895,Selma,History|Drama,2014,66787908,20000000,United Kingdom,,,636
22970,The Cabin in the Woods,Horror|Thriller,2012,66486080,30000000,United States of America,,,637
293863,The Age of Adaline,Fantasy|Drama|Romance,2015,65663276,25000000,United States of America,,,638
1266,Street Kings,Action|Crime|Drama|Thriller,2008,65569869,20000000,United States of America,,,639
27579,The American,Crime|Drama|Thriller,2010,65464324,20000000,United Kingdom,,,640
8848,The Bank Job,Thriller|Crime|Drama,2008,64822796,20000000,Australia,,,641
71469,The Darkest Hour,Horror|Action|Thriller|Science Fiction,2011,64626786,30000000,United States of America,,,642
23048,Hot Tub Time Machine,Science Fiction|Comedy|Adventure,2010,64572262,36000000,United States of America,,,643
8054,The Imaginarium of Doctor Parnassus,Adventure|Fantasy|Mystery,2009,64352607,30000000,Canada,,,644
321258,The Boy,Horror|Mystery|Thriller,2016,64188367,10000000,United States of America,,,645
243940,The Lazarus Effect,Thriller|Horror,2015,64110728,3300000,United States of America,,,646
44865,The Grandmaster,Action|Drama|History,2013,64076736,3860000,China,,,647
8780,Baby Mama,Comedy,2008,63833449,30000000,United States of America,,,648
11802,Space Chimps,Animation|Family,2008,63800345,37000000,United States of America,,,649
50456,Hanna,Action|Thriller|Adventure,2011,63782078,30000000,Germany,,,650
270487,"Hail, Caesar!",Comedy|Drama|Mystery,2016,63647656,22000000,United States of America,,,651
198277,Begin Again,Comedy|Music|Romance|Drama,2013,63464861,8000000,United States of America,,,652
109421,Side Effects,Thriller|Crime|Drama,2013,63372757,30000000,United States of America,,,653
72710,The Host,Action|Adventure|Romance|Science Fiction|Thriller,2013,63327201,44000000,United States of America,,,654
77866,Contraband,Thriller|Action|Drama|Crime,2012,63100000,25000000,United States of America,,,655
228205,The Longest Ride,Drama|Romance,2015,63013281,34000000,United States of America,,,656
277685,Unfriended,Horror|Thriller,2015,62882090,1000000,United States of America,,,657
146238,Runner Runner,Crime|Thriller|Drama,2013,62616646,30000000,United States of America,,,658
17610,Year One,Comedy|Adventure,2009,62357900,60000000,United States of America,,,659
167073,Brooklyn,Drama|Romance,2015,62076141,11000000,Canada,,,660
49524,R.I.P.D.,Fantasy|Action|Comedy|Crime,2013,61648500,130000000,United States of America,,,661
304357,Woman in Gold,Drama,2015,61619773,11000000,United Kingdom,,,662
287903,Krampus,Horror|Comedy|Fantasy,2015,61548707,15000000,United States of America,,,663
20829,Funny People,Comedy|Drama,2009,61458982,75000000,United States of America,,,664
188207,The Legend of Hercules,Action|Adventure,2014,61279452,70000000,United States of America,,,665
285783,The Walk,Adventure|Drama|Thriller,2015,61181942,35000000,United States of America,,,666
62835,Colombiana,Action|Thriller|Crime|Drama,2011,60965854,40000000,France,,,667
19913,(500) Days of Summer,Comedy|Drama|Romance,2009,60722734,7500000,United States of America,,,668
59859,Kick-Ass 2,Action|Adventure|Crime,2013,60700000,28000000,United States of America,,,669
22832,Ninja Assassin,Action|Crime|Thriller,2009,60462347,40000000,Germany,,,670
39486,Secretariat,Drama,2010,60251371,35000000,United States of America,,,671
11439,The Ghost Writer,Thriller|Mystery,2010,60222298,45000000,Germany,,,672
4959,The International,Drama|Thriller|Crime,2009,60161391,50000000,Germany,,,673
139038,A Haunted House,Comedy|Horror,2013,60141683,2500000,United States of America,,,674
35688,Why Did I Get Married Too?,Comedy|Romance,2010,60072596,20000000,United States of America,,,675
109491,Beautiful Creatures,Fantasy|Drama|Romance,2013,60052138,60000000,United States of America,,,676
16558,Duplicity,Romance|Comedy|Crime,2009,60000000,78146652,Germany,,,677
49022,Something Borrowed,Comedy|Drama|Romance,2011,59901913,35000000,United States of America,,,678
121826,Quartet,Drama|Comedy|Romance,2012,59520298,11000000,United Kingdom,,,679
80585,Rock of Ages,Comedy|Drama|Music|Romance,2012,59418613,75000000,United States of America,,,680
51828,One Day,Drama|Romance,2011,59389433,15000000,United Kingdom,,,681
328425,The Gift,Thriller|Mystery,2015,58978653,5000000,United States of America,,,682
38357,Morning Glory,Comedy|Drama|Romance,2010,58785180,40000000,United States of America,,,683
87428,That's My Boy,Comedy,2012,58058367,70000000,United States of America,,,684
20856,Aliens in the Attic,Adventure|Comedy|Family|Fantasy|Science Fiction,2009,57881056,45000000,Canada,,,685
49021,Killer Elite,Action|Adventure|Thriller,2011,57777106,66000000,Australia,,,686
2309,Inkheart,Adventure|Family|Fantasy,2008,57490374,60000000,Germany,,,687
9030,The Eye,Drama|Horror|Thriller,2008,56309766,12000000,United States of America,,,688
329833,Zoolander 2,Comedy,2016,55969000,50000000,United States of America,,,689
23742,Cop Out,Action|Comedy|Crime,2010,55583804,30000000,United States of America,,,690
64685,Extremely Loud & Incredibly Close,Drama,2011,55247881,40000000,United States of America,,,692
152532,Dallas Buyers Club,Drama|History,2013,55198285,5000000,United States of America,,,693
29427,The Crazies,Mystery|Horror|Action,2010,54956140,20000000,United States of America,,,694
239563,St. Vincent,Comedy,2014,54837234,13000000,United States of America,,,695
76489,The Three Stooges,Comedy,2012,54819301,30000000,United States of America,,,696
8967,The Tree of Life,Drama|Fantasy,2011,54674226,32000000,United States of America,0.0,1.0,697
10139,Milk,History|Drama,2008,54586584,20000000,United States of America,,,698
192141,No Escape,Action|Thriller,2015,54418872,5000000,United States of America,,,699
72207,The Five-Year Engagement,Comedy,2012,53909751,30000000,United States of America,,,700
136835,No Good Deed,Crime|Thriller,2014,53830415,13200000,United States of America,,,701
10197,Nine,Drama|Music|Romance,2009,53825515,80000000,Italy,,,702
8265,Welcome to the Sticks,Comedy,2008,53191886,11000000,France,,,703
169917,A Walk Among the Tombstones,Crime|Drama|Mystery|Thriller,2014,53181600,28000000,United States of America,,,704
283445,Sinister 2,Horror,2015,52882018,10000000,United States of America,,,705
26389,From Paris with Love,Action|Crime|Thriller,2010,52826594,52000000,United Kingdom,,,706
192102,3 Days to Kill,Action|Drama|Thriller|Crime,2014,52597999,28000000,France,,,707
228970,Wild,Drama,2014,52501541,15000000,United States of America,,,708
241251,The Boy Next Door,Thriller,2015,52425855,4000000,United States of America,,,709
227735,Dolphin Tale 2,Family|Drama,2014,52424533,36000000,United States of America,,,710
61012,Silent Hill: Revelation 3D,Thriller|Horror|Mystery,2012,52302796,20000000,France,,,711
300673,The Finest Hours,Action|Drama|History|Thriller,2016,52099090,80000000,United States of America,,,712
268920,Hot Pursuit,Action|Comedy|Crime,2015,51680201,35000000,United States of America,,,714
19901,Daybreakers,Fantasy|Horror|Action|Thriller|Science Fiction,2009,51416464,20000000,United States of America,,,715
146239,Delivery Man,Comedy,2013,51164106,26000000,United States of America,,,716
43539,The Next Three Days,Romance|Drama|Thriller|Crime,2010,51148651,30000000,United States of America,,,717
27582,The Mechanic,Action|Thriller|Crime,2011,51070807,40000000,United States of America,,,718
14359,Doubt,Drama|Mystery,2008,50907234,20000000,United States of America,,,719
10199,The Tale of Despereaux,Adventure|Animation|Family,2008,50877145,60000000,United Kingdom,,,720
11260,Meet Dave,Comedy|Science Fiction|Adventure|Family,2008,50650079,60000000,United States of America,,,721
137094,Jack Ryan: Shadow Recruit,Action|Drama|Thriller,2014,50549107,60000000,Russia,,,722
72431,Red Tails,Drama|Action|Adventure|History|War,2012,50365377,58000000,United States of America,,,723
321741,Concussion,Drama,2015,50363790,35000000,Australia,,,724
13972,The Women,Comedy|Drama|Romance,2008,50007546,16000000,United States of America,,,725
41210,The Switch,Comedy|Romance|Drama,2010,49830607,19000000,United States of America,,,726
34016,She's Out of My League,Comedy|Romance,2010,49779728,20000000,United States of America,,,727
6972,Australia,Drama,2008,49554002,130000000,Australia,,,728
222899,About Last Night,Comedy|Romance,2014,49002684,12500000,United States of America,,,729
315664,Florence Foster Jenkins,Comedy|Drama,2016,48902953,29000000,United Kingdom,,,730
42888,How Do You Know,Comedy|Drama|Romance,2010,48668907,120000000,United States of America,,,731
48034,Little White Lies,Comedy|Drama,2010,48531470,25000000,France,,,732
12244,9,Action|Adventure|Animation|Science Fiction|Thriller,2009,48428063,30000000,United States of America,,,733
37950,Charlie St. Cloud,Drama,2010,48190704,44000000,United States of America,,,734
77016,End of Watch,Crime|Drama|Thriller,2012,48126384,7000000,United States of America,,,735
107811,21 & Over,Comedy,2013,48065672,13000000,United States of America,,,736
28178,Hachi: A Dog's Tale,Drama|Family,2009,47801389,16000000,United Kingdom,,,737
22538,Scott Pilgrim vs. the World,Action|Adventure|Comedy,2010,47664559,60000000,United States of America,,,738
25793,Precious,Drama,2009,47536959,10000000,United States of America,,,739
152601,Her,Romance|Science Fiction|Drama,2013,47351251,23000000,China,,,740
76617,Texas Chainsaw 3D,Horror|Thriller,2013,47241945,20000000,United States of America,,,742
43959,Soul Surfer,Action|Drama,2011,47088990,18000000,United States of America,,,743
59967,Looper,Action|Thriller|Science Fiction,2012,47042000,30000000,China,,,744
10315,Fantastic Mr. Fox,Adventure|Animation|Comedy|Family,2009,46471023,40000000,United States of America,,,745
49527,Man on a Ledge,Action|Thriller|Crime,2012,46221189,42000000,United States of America,,,746
119283,Parker,Action|Crime,2013,46216641,35000000,United States of America,,,747
319888,Eddie the Eagle,Comedy|Drama|History,2016,46152800,23000000,Germany,,,748
107985,The World's End,Comedy|Action|Science Fiction,2013,46089287,20000000,United Kingdom,,,749
335778,Risen,Action,2016,46069568,20000000,United States of America,,,750
185008,Yeh Jawaani Hai Deewani,Romance,2013,46000000,7700000,India,,,751
48289,The Debt,Drama|Thriller,2010,45636368,20000000,United States of America,,,753
238603,Earth to Echo,Family|Adventure|Science Fiction,2014,45300000,13000000,United States of America,,,754
23172,The Spy Next Door,Action|Comedy|Family,2010,45236543,28000000,United States of America,,,755
64807,Grudge Match,Comedy,2013,44907260,40000000,United States of America,,,756
12163,The Wrestler,Drama|Romance,2008,44703995,6000000,United States of America,,,757
10188,The Sisterhood of the Traveling Pants 2,Adventure|Comedy|Drama|Family,2008,44352417,27000000,United States of America,,,758
85350,Boyhood,Drama,2014,44349000,4000000,United States of America,,,759
82505,House at the End of the Street,Horror|Thriller,2012,44287131,6900000,United States of America,,,760
345911,Lights Out,Horror|Thriller,2016,44107032,4900000,United States of America,,,761
16577,Astro Boy,Animation|Action|Family|Science Fiction,2009,44091067,65000000,Hong Kong,,,762
157547,Oculus,Horror,2013,44030246,5000000,United States of America,,,763
116741,The Internship,Comedy,2013,44000000,58000000,United States of America,,,764
272878,Max,Adventure|Drama|Family,2015,43967255,20000000,United States of America,,,765
284293,Still Alice,Drama,2014,43884652,5000000,United States of America,,,766
13490,Welcome Home Roscoe Jenkins,Comedy|Drama,2008,43650785,35000000,United States of America,,,767
272693,The DUFF,Romance|Comedy,2015,43528634,8500000,United States of America,,,768
13335,Harold & Kumar Escape from Guantanamo Bay,Comedy|Adventure,2008,43493123,12000000,United States of America,,,769
7445,Brothers,Drama|Thriller|War,2009,43318349,26000000,United States of America,,,770
38117,Beastly,Drama|Fantasy|Romance,2011,43165571,17000000,United States of America,,,771
204082,Homefront,Action|Thriller,2013,43058898,22000000,United States of America,,,772
276907,Legend,Crime|Thriller,2015,42972994,25000000,United Kingdom,,,773
134411,Snitch,Thriller|Drama,2013,42930462,35000000,United States of America,,,774
299245,The Gallows,Horror|Thriller,2015,42664410,100000,United States of America,,,775
13184,Bangkok Dangerous,Action|Crime|Thriller,2008,42487390,45000000,United States of America,,,776
26022,My Name Is Khan,Drama|Romance,2010,42345360,12000000,India,,,777
22824,The Fourth Kind,Mystery|Science Fiction|Thriller,2009,42333295,10000000,United States of America,,,778
10358,Zack and Miri Make a Porno,Comedy,2008,42105111,24000000,United States of America,,,779
38073,Going the Distance,Comedy|Drama|Romance,2010,42045846,32000000,United States of America,,,780
12162,The Hurt Locker,Drama|Thriller|War,2008,42000000,15000000,United States of America,1.0,0.0,781
82687,The Guilt Trip,Comedy,2012,41863726,40000000,United States of America,,,782
12177,The Love Guru,Comedy|Romance,2008,41819064,62000000,United States of America,,,783
8456,Never Back Down,Drama|Action,2008,41627431,20000000,United States of America,,,784
21208,Orphan,Horror|Thriller|Mystery,2009,41596251,20000000,Canada,,,785
46332,Of Gods and Men,Drama|History,2010,41424067,4000000,France,,,786
4942,Leatherheads,Comedy|Romance|Drama,2008,41299492,58000000,Germany,,,787
239678,This Is Where I Leave You,Drama|Comedy,2014,41296320,19800000,United States of America,,,788
49049,Dredd,Action|Science Fiction,2012,41037742,50000000,South Africa,,,789
13812,Quarantine,Horror|Science Fiction|Thriller,2008,40855419,12000000,United States of America,,,790
18501,Gamer,Action|Thriller|Science Fiction,2009,40828540,50000000,United States of America,,,791
62206,30 Minutes or Less,Action|Adventure|Comedy,2011,40547440,28000000,United States of America,,,792
49950,The Roommate,Thriller|Drama|Horror,2011,40492759,16000000,United States of America,,,793
310131,The Witch,Mystery|Horror,2016,40423945,3500000,Canada,,,794
72387,Safe,Action|Crime|Thriller,2012,40346186,30000000,United States of America,,,795
23706,All About Steve,Comedy,2009,40105542,15000000,United States of America,,,796
256274,"As Above, So Below",Horror|Thriller,2014,40100000,5000000,United States of America,,,797
329440,The Forest,Horror|Thriller,2016,40055439,10000000,United States of America,,,798
25196,Crazy Heart,Drama|Music|Romance,2009,39462438,7000000,United States of America,,,799
24150,Halloween II,Horror,2009,39421467,15000000,United States of America,,,800
189,Sin City: A Dame to Kill For,Crime|Thriller,2014,39407616,65000000,United States of America,,,801
35169,Furry Vengeance,Comedy,2010,39340177,35000000,United Arab Emirates,,,802
12819,Alpha and Omega,Family|Animation,2010,39300000,20000000,United States of America,,,803
40807,50/50,Comedy|Drama,2011,39187783,8000000,United States of America,,,804
284536,The Gambler,Thriller|Crime|Drama,2014,39171130,25000000,United States of America,,,805
26428,Agora,Adventure|Drama|History,2009,39041505,70000000,Spain,,,806
8285,The Spirit,Action|Comedy|Thriller|Crime|Science Fiction,2008,39031337,60000000,United States of America,,,807
50321,Mars Needs Moms,Adventure|Animation|Family,2011,38992758,150000000,United States of America,,,808
242582,Nightcrawler,Crime|Drama|Thriller,2014,38697217,8500000,United States of America,,,809
69668,Dream House,Drama|Thriller|Mystery,2011,38502340,50000000,Canada,,,810
198185,Million Dollar Arm,Drama,2014,38307627,25000000,United States of America,,,811
12837,The Secret Life of Bees,Adventure,2008,38105395,11000000,United States of America,,,812
64689,Killing Them Softly,Crime|Thriller,2012,37930465,15000000,United States of America,,,813
57119,Jumping the Broom,Comedy,2011,37710610,6600000,United States of America,,,814
46261,Don't Be Afraid of the Dark,Fantasy|Horror|Thriller,2010,36993168,25000000,United States of America,,,816
54054,One for the Money,Action|Comedy|Crime,2012,36893721,40000000,United States of America,,,817
264660,Ex Machina,Drama|Science Fiction,2015,36869414,15000000,United Kingdom,,,818
13596,My Best Friend's Girl,Romance|Comedy,2008,36620508,20000000,United States of America,,,819
295964,Burnt,Drama,2015,36606743,20000000,United States of America,,,820
79316,Devil's Due,Horror,2014,36433975,7000000,United States of America,,,821
18947,The Boat That Rocked,Drama|Comedy,2009,36348784,50000000,Germany,,,822
59861,Larry Crowne,Comedy|Romance|Drama,2011,36160375,30000000,United States of America,,,823
25643,Love Happens,Drama|Romance,2009,36133014,18000000,Canada,,,824
239571,The Best of Me,Drama|Romance,2014,35926213,26000000,United States of America,,,825
44115,127 Hours,Adventure|Drama|Thriller,2010,35692920,18000000,United Kingdom,,,826
97367,The Place Beyond the Pines,Drama|Crime,2013,35485608,15000000,United States of America,,,827
60599,Arbitrage,Drama|Thriller,2012,35485056,12000000,United States of America,,,828
11323,The Informant!,Drama|Comedy|Crime,2009,35424826,22000000,United States of America,,,829
264644,Room,Drama|Thriller,2015,35401758,6000000,Canada,,,830
55465,A Very Harold & Kumar Christmas,Comedy,2011,35387212,19000000,United States of America,,,831
62214,Frankenweenie,Animation|Comedy|Family,2012,35287788,39000000,United States of America,,,832
19265,Whatever Works,Comedy|Romance,2009,35097815,15000000,France,,,833
75900,My Week with Marilyn,Drama,2011,35057696,6400000,United Kingdom,,,834
57431,The Sitter,Comedy,2011,34942188,25000000,United States of America,,,835
290751,Secret in Their Eyes,Crime|Drama|Mystery,2015,34854990,19500000,Spain,,,836
39781,The Kids Are All Right,Comedy|Drama,2010,34705850,3500000,United States of America,,,837
15092,Crank: High Voltage,Action|Thriller|Crime,2009,34560577,20000000,United States of America,,,838
8321,In Bruges,Comedy|Drama|Crime,2008,34533783,15000000,United Kingdom,,,839
72213,Courageous,Drama,2011,34522221,1000000,United States of America,,,840
321697,Steve Jobs,Drama|History,2015,34441873,30000000,United States of America,,,841
228066,Victor Frankenstein,Drama|Science Fiction|Thriller,2015,34227298,40000000,United Kingdom,,,842
226857,Endless Love,Drama|Romance,2014,34077920,20000000,United States of America,,,844
25376,The Secret in Their Eyes,Crime|Drama|Mystery|Romance,2009,33965843,2000000,Argentina,,,845
44040,Devil,Horror|Mystery|Thriller,2010,33583175,10000000,United States of America,,,846
14438,Fireproof,Drama,2008,33456317,500000,United States of America,,,848
126509,2016: Obama's America,Documentary,2012,33400000,2500000,United States of America,,,849
84892,The Perks of Being a Wallflower,Drama|Romance,2012,33400000,13000000,United States of America,,,850
70435,Haywire,Action|Thriller,2011,33372606,23000000,Ireland,,,851
22825,The Box,Thriller|Science Fiction,2009,33333531,30000000,United States of America,,,852
12182,Nick and Norah's Infinite Playlist,Comedy|Music|Romance,2008,32973937,9000000,United States of America,,,853
86829,Inside Llewyn Davis,Drama|Music,2013,32935319,11000000,United States of America,,,854
101267,Katy Perry: Part of Me,Documentary|Music,2012,32726956,12000000,United States of America,,,855
18405,The Last House on the Left,Crime|Thriller|Horror|Drama,2009,32721635,15000000,United States of America,,,856
254904,The November Man,Crime|Action|Thriller,2014,32556119,15000000,United Kingdom,,,857
8090,Untraceable,Drama,2008,32483410,35000000,United States of America,,,858
87818,Movie 43,Comedy,2013,32438988,6000000,United States of America,,,859
227719,Project Almanac,Science Fiction|Thriller,2015,32248241,12000000,United States of America,,,860
81796,Lockout,Action|Thriller|Science Fiction,2012,32204030,20000000,France,,,862
38303,You Again,Comedy|Romance,2010,32005248,20000000,United States of America,,,863
375290,Airlift,Thriller|Action|Drama|History,2016,32000000,4500000,India,,,864
23082,The Invention of Lying,Comedy|Romance|Fantasy,2009,31912793,18500000,United States of America,,,865
122081,Spring Breakers,Drama|Crime,2013,31724284,5000000,France,,,867
17332,The Soloist,Drama,2009,31720158,60000000,United States of America,,,868
19994,Jennifer's Body,Comedy|Horror,2009,31556061,16000000,United States of America,,,869
157849,A Most Wanted Man,Thriller,2014,31554855,15000000,United Kingdom,,,870
12573,A Serious Man,Comedy|Drama,2009,31430334,7000000,United States of America,,,871
23631,Machete,Action|Comedy|Thriller,2010,31327899,20000000,United States of America,,,872
13150,Pride and Glory,Thriller|Crime|Drama,2008,31148328,30000000,United States of America,,,873
49526,Premium Rush,Crime|Action|Thriller,2012,31083599,35000000,United States of America,,,874
137321,Winter's Tale,Drama|Fantasy|Mystery|Romance,2014,30800231,60000000,United States of America,,,875
70868,I Don't Know How She Does It,Romance|Comedy,2011,30551495,24000000,United States of America,,,876
238615,Self/less,Science Fiction|Mystery|Thriller,2015,30523226,26000000,United States of America,,,877
63492,What's Your Number?,Comedy|Romance,2011,30426096,20000000,United States of America,,,878
210860,Mortdecai,Comedy|Adventure,2015,30418560,60000000,United States of America,,,879
94348,Alex Cross,Action|Thriller|Crime|Mystery,2012,30353232,45000000,United States of America,,,880
232679,When the Game Stands Tall,Drama,2014,30127963,15000000,United States of America,,,881
25195,Leap Year,Romance|Comedy,2010,29922472,19000000,Ireland,,,882
70436,The Raven,Crime|Thriller|Mystery,2012,29657751,26000000,Hungary,,,883
26390,Brooklyn's Finest,Crime|Drama|Thriller,2009,29536299,17000000,United States of America,,,884
10523,W.,Drama|History,2008,29506464,25100000,United States of America,,,885
14536,New in Town,Comedy,2009,29010817,8000000,Canada,,,886
28355,Case 39,Horror|Mystery|Thriller,2009,29000000,27000000,Canada,,,887
25132,Shorts,Comedy|Family,2009,28972508,40000000,United Arab Emirates,,,888
47327,Drive Angry,Fantasy|Thriller|Action|Crime,2011,28931401,50000000,United States of America,,,889
87093,Big Eyes,Drama,2014,28883511,10000000,Canada,,,890
200505,Draft Day,Drama,2014,28831145,25000000,United States of America,,,891
68722,The Master,Drama,2012,28258060,32000000,United States of America,,,893
24418,Cirque du Freak: The Vampire's Assistant,Adventure|Fantasy|Action|Thriller,2009,28169671,40000000,United States of America,,,894
13279,Lakeview Terrace,Drama|Crime|Thriller,2008,27640028,20000000,United States of America,,,895
20766,The Road,Adventure|Drama,2009,27635305,32000000,United States of America,,,896
72113,Carnage,Comedy|Drama,2011,27603069,25000000,Spain,,,897
48231,A Dangerous Method,Drama|Thriller,2011,27462041,15000000,Switzerland,,,898
124459,The Incredible Burt Wonderstone,Comedy,2013,27437881,30000000,United States of America,,,899
18320,The Young Victoria,Drama|History|Romance,2009,27409889,35000000,United Kingdom,,,900
192136,Mandela: Long Walk to Freedom,Drama|History,2013,27330000,35000000,United Kingdom,,,901
26688,Sorority Row,Horror|Mystery|Thriller,2009,27206120,12500000,United States of America,,,902
172391,Khumba,Animation|Adventure|Family,2013,27187375,20000000,South Africa,,,903
222936,Aloha,Drama|Comedy|Romance,2015,26250020,37000000,United States of America,,,904
38319,Your Highness,Comedy,2011,26121638,49900000,United States of America,,,905
24684,An Education,Drama|Romance,2009,26096852,7500000,United Kingdom,,,906
225565,That Awkward Moment,Comedy|Romance,2014,26049082,8000000,United States of America,,,907
11918,Superhero Movie,Action|Comedy|Science Fiction,2008,25871834,35000000,United States of America,,,908
13809,RockNRolla,Action|Crime|Thriller,2008,25739015,18000000,United Kingdom,,,909
50357,Apollo 18,Horror|Thriller|Science Fiction,2011,25562924,5000000,Canada,,,910
81390,A Lonely Place to Die,Adventure|Action|Thriller|Crime,2011,25345000,4000000,United Kingdom,,,912
253235,And So It Goes,Comedy|Drama|Romance,2014,25312387,18000000,United States of America,,,913
316152,Free State of Jones,War|Action|Drama|History|Thriller,2016,25035950,50000000,United States of America,,,916
58151,Fright Night,Horror|Comedy,2011,24922237,17000000,United Kingdom,,,917
293646,The 33,Drama|History,2015,24902723,25000000,United States of America,,,918
323677,Race,Action|Drama,2016,24804129,5000000,Canada,,,919
78698,Big Miracle,Adventure|Drama|Romance,2012,24719215,40000000,United Kingdom,,,920
88036,Sparkle,Drama|Music,2012,24637469,14000000,United States of America,,,921
68727,Trance,Thriller|Crime|Drama|Mystery,2013,24261569,20000000,United Kingdom,,,922
38363,Fair Game,Drama|Thriller,2010,24188922,22000000,United States of America,,,923
50647,Wanderlust,Comedy,2012,24159934,35000000,United States of America,,,924
41402,Let Me In,Drama|Horror|Mystery,2010,24145613,20000000,United Kingdom,,,925
333348,Love the Coopers,Comedy|Family,2015,24000000,17000000,United States of America,,,927
153158,Underdogs,Animation|Adventure|Romance,2013,24000000,22000000,Argentina,,,928
34813,The Losers,Action|Adventure|Crime|Mystery|Thriller,2010,23580000,25000000,United States of America,,,929
347126,God's Not Dead 2,Drama,2016,23507567,5000000,United States of America,,,930
147773,The Way Way Back,Comedy|Drama,2013,23198652,4600000,United States of America,,,932
41283,Faster,Crime|Drama|Action|Thriller,2010,23081726,24000000,United States of America,,,933
59440,Warrior,Action|Drama,2011,23057115,25000000,United States of America,,,934
4597,Armored,Action|Crime|Drama|Thriller,2009,22942221,20000000,United States of America,,,935
57157,Young Adult,Comedy|Drama,2011,22939027,12000000,United States of America,,,936
12403,A Perfect Getaway,Thriller|Mystery|Adventure,2009,22852638,14000000,United States of America,,,937
175528,Baggage Claim,Comedy,2013,22456509,8500000,United States of America,,,938
127560,The Railway Man,Drama|History,2013,22309223,18000000,Australia,,,939
13460,Doomsday,Action|Thriller|Science Fiction,2008,22211426,30000000,Germany,,,940
72358,A Thousand Words,Drama|Comedy,2012,22044277,40000000,United States of America,,,941
16911,The Inhabited Island,Action|Fantasy|Science Fiction|Thriller,2008,21834845,36500000,Russia,,,942
87567,The Big Wedding,Comedy,2013,21819348,35000000,United States of America,,,943
62215,Melancholia,Drama|Science Fiction,2011,21817298,7400000,Denmark,,,944
103731,Mud,Drama,2013,21587700,10000000,United States of America,,,945
253331,Black or White,Drama,2014,21571189,9000000,United States of America,,,946
34563,Our Family Wedding,Comedy,2010,21409028,14000000,United States of America,,,948
351819,Fifty Shades of Black,Romance|Comedy,2016,21164799,20000000,United States of America,,,949
84175,Beasts of the Southern Wild,Drama|Fantasy,2012,21107746,1800000,United States of America,,,950
33870,Mao's Last Dancer,Drama|Romance,2009,20719451,25000000,Australia,,,951
19898,Pandorum,Action|Horror|Mystery|Science Fiction|Thriller,2009,20645327,33000000,Germany,,,952
342521,Keanu,Action|Comedy,2016,20566327,15000000,United States of America,,,953
45272,Country Strong,Drama|Romance,2010,20529194,15000000,United States of America,,,954
23049,My Life in Ruins,Comedy|Romance,2009,20455276,17000000,Greece,,,955
14574,The Boy in the Striped Pyjamas,War|Drama,2008,20416563,12500000,United Kingdom,,,956
130150,Labor Day,Drama,2013,20275812,18000000,United States of America,,,958
12690,Appaloosa,Drama|Western|Crime,2008,20211394,20000000,United States of America,,,959
8338,Blindness,Drama|Mystery|Science Fiction|Thriller,2008,19844979,25000000,Brazil,,,960
86837,Amour,Drama|Romance,2012,19839492,8900000,France,0.0,1.0,961
43931,My Soul to Take,Drama|Horror|Mystery|Thriller,2010,19829957,25000000,United States of America,,,962
98357,Broken City,Thriller|Crime|Drama,2013,19701164,56000000,United States of America,,,963
218043,Left Behind,Thriller|Action|Science Fiction,2014,19682924,16000000,United States of America,,,964
67913,The Guard,Action|Comedy|Thriller|Crime,2011,19560274,6000000,Ireland,,,965
50839,Margin Call,Thriller|Drama,2011,19504039,3500000,United States of America,,,966
86838,Seven Psychopaths,Comedy|Crime,2012,19422261,15000000,United Kingdom,,,967
152742,The Best Offer,Drama|Romance|Crime|Mystery,2013,19255873,13500000,Italy,,,969
26388,Buried,Drama|Thriller|Mystery,2010,19152480,1987650,Spain,,,970
7735,The Wave,Drama|Thriller,2008,19000000,7500000,Germany,,,971
13523,Sex Drive,Comedy|Adventure|Romance,2008,18755936,19000000,United States of America,,,972
67675,Glee: The Concert Movie,Documentary|Music|Family,2011,18663238,9000000,United States of America,,,973
59981,Legends of Oz: Dorothy's Return,Animation|Music|Family,2013,18662027,70000000,India,,,974
10664,[REC]²,Thriller|Horror,2009,18469680,5600000,Spain,,,975
31867,Repo Men,Action|Science Fiction|Thriller|Crime,2010,18409891,32000000,Canada,,,976
44009,Another Year,Comedy|Drama,2010,18124262,8000000,United Kingdom,,,977
144340,Admission,Comedy|Drama|Romance,2013,18000000,13000000,United States of America,,,980
308639,Dope,Crime|Drama|Comedy,2015,17986781,700000,United States of America,,,981
31175,Soul Kitchen,Drama|Comedy,2009,17872796,5000000,Germany,,,982
13600,City of Ember,Adventure|Family|Fantasy,2008,17869048,55000000,United States of America,,,983
201088,Blackhat,Crime|Drama|Mystery,2015,17752940,70000000,United States of America,,,984
76025,Shame,Drama,2011,17693675,6500000,United Kingdom,,,985
129670,Nebraska,Drama|Adventure,2013,17654912,12000000,United States of America,,,987
10187,Swing Vote,Drama|Comedy,2008,17600000,21000000,United States of America,,,988
53457,Sarah's Key,Drama|War,2010,17511906,10000000,France,,,989
144336,Sabotage,Action|Drama|Thriller|Crime,2014,17508518,35000000,United States of America,,,990
22074,Capitalism: A Love Story,Documentary,2009,17436509,20000000,United States of America,,,991
59860,Monte Carlo,Adventure|Comedy|Romance,2011,17425000,20000000,Hungary,,,992
13092,How to Lose Friends & Alienate People,Comedy|Romance|Drama,2008,17286299,27000000,United Kingdom,,,994
17134,12 Rounds,Action|Adventure|Drama|Thriller,2009,17280326,20000000,United States of America,,,995
59968,Our Idiot Brother,Comedy|Drama,2011,17273593,10000000,United States of America,,,996
16614,Adventureland,Comedy,2009,17164377,9500000,United States of America,,,997
192577,Space Pirate Captain Harlock,Animation|Science Fiction,2013,17137302,30000000,Japan,,,998
77948,The Cold Light of Day,Action|Thriller,2012,16863583,20000000,United States of America,,,999
103663,The Hunt,Drama,2012,16800000,3800000,Denmark,,,1000
70829,The Last Godfather,Action|Comedy|Thriller,2010,16700000,13400000,,,,1001
22798,Whip It,Drama,2009,16633035,15000000,United States of America,,,1002
46705,Blue Valentine,Drama|Romance,2010,16566240,3500000,United States of America,,,1003
109417,Battle of the Year,Music|Drama,2013,16549477,20000000,United States of America,,,1004
58431,Pride and Prejudice and Zombies,Romance|Horror|Comedy|Thriller,2016,16374328,28000000,United States of America,,,1005
49852,The Nutcracker: The Untold Story,Fantasy|Action|Family,2010,16178959,90000000,United Kingdom,,,1006
13090,Sunshine Cleaning,Comedy|Drama,2008,16174377,5000000,United States of America,,,1007
339408,The Birth of a Nation,Drama,2016,15861566,8500000,United States of America,,,1008
97430,The Man with the Iron Fists,Action,2012,15608545,15000000,Hong Kong,,,1010
256917,The Water Diviner,War|Drama,2014,15520023,22500000,Australia,,,1011
60309,The Conspirator,Crime|Drama|History,2010,15478800,25000000,United States of America,,,1012
204922,Before I Go to Sleep,Mystery|Thriller,2014,15447154,22000000,France,,,1013
325789,The Infiltrator,Crime|Drama|Thriller,2016,15436808,25000000,United Kingdom,,,1014
164457,Out of the Furnace,Thriller|Drama|Crime,2013,15400000,22000000,United States of America,,,1015
61891,Anonymous,Drama|History|Thriller,2011,15395087,30000000,United Kingdom,,,1016
146203,The Last Exorcism Part II,Horror|Thriller,2013,15179302,5000000,United States of America,,,1017
27569,Extraordinary Measures,Drama,2010,15134293,31000000,United States of America,,,1018
106747,Machete Kills,Action|Crime|Thriller,2013,15008161,12000000,United States of America,,,1019
19255,Away We Go,Drama|Comedy|Romance,2009,14899417,17000000,United States of America,,,1020
302156,Criminal,Action,2016,14708696,31500000,United Kingdom,,,1022
270303,It Follows,Horror|Thriller,2015,14674076,2000000,United States of America,,,1023
241771,Beyond the Lights,Romance|Drama,2014,14618727,7000000,United States of America,,,1024
51162,Winnie the Pooh,Animation|Family,2011,14460000,30000000,United States of America,,,1025
239573,Unfinished Business,Comedy,2015,14431253,35000000,United States of America,,,1026
109513,Hit & Run,Action|Comedy|Romance,2012,14400000,2000000,United States of America,,,1027
250349,Barbecue,Comedy,2014,14348529,6000000,France,,,1028
13805,Disaster Movie,Action|Comedy,2008,14109284,25000000,United States of America,,,1029
27936,Micmacs,Action|Comedy|Crime,2009,14000000,33000000,France,,,1030
39013,Winter's Bone,Drama,2010,13831503,2000000,United States of America,,,1031
